log_duration,rideable_type,is_member,is_ebike,started_at,hour,is_weekend,is_rush_hour,month,is_holiday,origin_h3_r9,origin_h3_r8,origin_h3_r7,dest_h3_r9,dest_h3_r8,dest_h3_r7,od_pair_r9,od_pair_r8,od_encoded,euclidean_dist_m,manhattan_dist_m,dist_ratio,actual_temp,apparent_temp,precipitation_mm,is_raining,windspeed,snowfall,snow_depth,precip_last_3h,mins_since_rain
5.6484071760033965,classic_bike,True,False,2026-01-09 15:39:44.131,15,False,False,1,False,892a1008d53ffff,882a1008d5fffff,872a1008dffffff,892a1008c37ffff,882a1008c3fffff,872a1008cffffff,892a1008d53ffff_892a1008c37ffff,882a1008d5fffff_882a1008c3fffff,955508.0,799.5300868131177,807.344657744297,0.9903206507205818,8.333333333333334,5.333333333333333,0.0,False,13.3,0.0,0.0,0.0,4340.0
5.549185028377005,electric_bike,True,True,2026-01-09 10:14:39.226,10,False,False,1,False,892a100da3bffff,882a100da3fffff,872a100daffffff,892a100da47ffff,882a100da5fffff,872a100daffffff,892a100da3bffff_892a100da47ffff,882a100da3fffff_882a100da5fffff,880977.0,978.9987968954013,1382.262559043695,0.70825820354471,3.766666666666667,0.4333333333333333,0.0,False,9.766666666666666,0.0,0.0,0.0,4040.0
6.2791609944564435,classic_bike,True,False,2026-01-14 18:44:00.839,18,False,True,1,False,892a1072813ffff,882a107281fffff,872a10728ffffff,892a1072c0fffff,882a1072c1fffff,872a1072cffffff,892a1072813ffff_892a1072c0fffff,882a107281fffff_882a1072c1fffff,82368.0,1748.2066473724713,2401.12906335873,0.7280769176676648,6.633333333333333,3.7999999999999994,0.0,False,7.4,0.0,0.0,0.0,5300.0
7.005239457574046,electric_bike,True,True,2026-01-06 05:57:18.257,5,False,False,1,False,892a107296fffff,882a10776dfffff,872a10776ffffff,892a107289bffff,882a107289fffff,872a10728ffffff,892a107296fffff_892a107289bffff,882a10776dfffff_882a107289fffff,585510.0,3882.863472348272,4070.234285744888,0.9539655950388798,-1.4666666666666668,-4.566666666666666,0.0,False,3.7999999999999994,0.0,0.0066666666666666,0.0,1060.0
5.743240339174054,electric_bike,True,True,2026-01-02 16:19:07.373,16,False,False,1,False,892a1072533ffff,882a107253fffff,872a10725ffffff,892a100d2c3ffff,882a100d2dfffff,872a100d2ffffff,892a1072533ffff_892a100d2c3ffff,882a107253fffff_882a100d2dfffff,392242.0,1059.2575621327223,1446.826688166428,0.7321247049120483,-1.7,-7.066666666666666,0.0,False,14.266666666666666,0.0,0.01,0.0,1920.0
7.086362445963374,electric_bike,True,True,2026-01-11 12:31:20.262,12,True,False,1,False,892a107701bffff,882a107701fffff,872a10770ffffff,892a100da77ffff,882a100da7fffff,872a100daffffff,892a107701bffff_892a100da77ffff,882a107701fffff_882a100da7fffff,74918.0,3867.630491218379,5396.417799329522,0.7167033085723855,6.3,1.7666666666666666,0.0,False,14.833333333333334,0.0,0.0,0.0,620.0
6.988290480745163,classic_bike,True,False,2026-01-05 19:07:22.411,19,False,True,1,False,892a100d87bffff,882a100d87fffff,872a100d8ffffff,892a107749bffff,882a107749fffff,872a10774ffffff,892a100d87bffff_892a107749bffff,882a100d87fffff_882a107749fffff,822988.0,2559.3316362536466,3252.713655985891,0.7868296772892289,0.2,-4.266666666666667,0.0,False,12.266666666666666,0.0,0.01,0.0,460.0
4.978600963594836,electric_bike,True,True,2026-01-06 14:56:24.245,14,False,False,1,False,892a100d217ffff,882a100d21fffff,872a100d2ffffff,892a100d23bffff,882a100d21fffff,872a100d2ffffff,892a100d217ffff_892a100d23bffff,882a100d21fffff_882a100d21fffff,426819.0,702.9809507443886,990.4018981723344,0.7097936222069584,3.5,0.6333333333333334,0.0,False,3.733333333333333,0.0,0.0066666666666666,0.0,1600.0
6.93795562296458,classic_bike,True,False,2026-01-07 12:00:35.495,12,False,False,1,False,892a10721a7ffff,882a10721bfffff,872a10721ffffff,892a100d2dbffff,882a100d2dfffff,872a10725ffffff,892a10721a7ffff_892a100d2dbffff,882a10721bfffff_882a100d2dfffff,210576.0,2127.893757246627,2932.0092569837084,0.7257459205417681,8.299999999999999,4.966666666666667,0.0,False,12.733333333333334,0.0,0.0,0.0,1280.0
6.235790166009846,classic_bike,True,False,2026-01-06 08:36:03.901,8,False,True,1,False,892a1072983ffff,882a107299fffff,872a10729ffffff,892a100da47ffff,882a100da5fffff,872a100daffffff,892a1072983ffff_892a100da47ffff,882a107299fffff_882a100da5fffff,626729.0,1140.1432878612225,1507.354780776683,0.7563868190829963,-2.3000000000000003,-5.233333333333333,0.0,False,2.2333333333333334,0.0,0.0066666666666666,0.0,1240.0
6.023764733949806,classic_bike,True,False,2026-01-06 23:22:48.772,23,False,False,1,False,892a1008d43ffff,882a1008d5fffff,872a1008dffffff,892a1008c37ffff,882a1008c3fffff,872a1008cffffff,892a1008d43ffff_892a1008c37ffff,882a1008d5fffff_882a1008c3fffff,566787.0,954.242460620967,1229.357214315674,0.7762125194442768,2.433333333333333,-0.5,0.0,False,7.566666666666667,0.0,0.0,0.0,940.0
6.424139422316539,electric_bike,True,True,2026-01-13 19:05:22.360,19,False,True,1,False,892a10729abffff,882a10729bfffff,872a10729ffffff,892a107746bffff,882a107747fffff,872a10774ffffff,892a10729abffff_892a107746bffff,882a10729bfffff_882a107747fffff,568243.0,2303.8708349027834,2716.5038516114228,0.8481014424242886,4.6000000000000005,0.5,0.0,False,12.933333333333332,0.0,0.0,0.0,3920.0
6.701659337897143,classic_bike,True,False,2026-01-12 07:47:01.252,7,False,True,1,False,892a100d2dbffff,882a100d2dfffff,872a100d2ffffff,892a100d6cfffff,882a100d6dfffff,872a100d6ffffff,892a100d2dbffff_892a100d6cfffff,882a100d2dfffff_882a100d6dfffff,721396.0,2092.7133842784156,2925.421296730898,0.7153545325649274,-1.2666666666666666,-6.666666666666667,0.0,False,15.6,0.0,0.0,0.0,1760.0
5.821524027970723,electric_bike,True,True,2026-01-07 08:08:44.226,8,False,True,1,False,892a10721b3ffff,882a10721bfffff,872a10721ffffff,892a1072ccfffff,882a1072cdfffff,872a1072cffffff,892a10721b3ffff_892a1072ccfffff,882a10721bfffff_882a1072cdfffff,441915.0,1352.1588349410792,1359.5954772444388,0.9945302537204436,0.7999999999999999,-1.8,0.0,False,4.033333333333334,0.0,0.0,0.0,1040.0
6.529250940956582,electric_bike,True,True,2026-01-13 18:02:37.015,18,False,True,1,False,892a1072c33ffff,882a1072cbfffff,872a1072cffffff,892a1072807ffff,882a107281fffff,872a10728ffffff,892a1072c33ffff_892a1072807ffff,882a1072cbfffff_882a107281fffff,193199.0,2395.1931063627235,3337.7495785462697,0.7176071931094156,4.433333333333334,0.4000000000000001,0.0,False,11.833333333333334,0.0,0.0,0.0,3860.0
6.51347933801289,electric_bike,True,True,2026-01-08 21:36:18.348,21,False,False,1,False,892a100d26bffff,882a100d27fffff,872a100d2ffffff,892a100d247ffff,882a100d25fffff,872a100d2ffffff,892a100d26bffff_892a100d247ffff,882a100d27fffff_882a100d25fffff,760482.0,783.2706079793139,1029.193673591939,0.7610526843268082,3.766666666666666,1.1666666666666667,0.0,False,3.033333333333333,0.0,0.0,0.0,3260.0
7.733835923442848,electric_bike,False,True,2026-01-12 22:14:31.212,22,False,False,1,False,892a100d2dbffff,882a100d2dfffff,872a100d2ffffff,892a100f25bffff,882a1008d3fffff,872a100f2ffffff,892a100d2dbffff_892a100f25bffff,882a100d2dfffff_882a1008d3fffff,983260.0,5897.77554969004,8329.738475343065,0.7080385017066381,1.3,-3.1,0.0,False,10.933333333333332,0.0,0.0,0.0,2660.0
6.605545522227522,classic_bike,True,False,2026-01-09 16:52:18.004,16,False,False,1,False,892a1072c33ffff,882a1072cbfffff,872a1072cffffff,892a100d363ffff,882a100d37fffff,872a100d3ffffff,892a1072c33ffff_892a100d363ffff,882a1072cbfffff_882a100d37fffff,928854.0,1340.48284258487,1489.2559745153867,0.9001023769745639,8.033333333333333,5.2,0.0,False,12.333333333333334,0.0,0.0,0.0,4400.0
6.082529364463694,electric_bike,True,True,2026-01-10 10:51:30.964,10,True,False,1,False,892a100882bffff,882a100883fffff,872a10088ffffff,892a1008babffff,882a1008bbfffff,872a1008bffffff,892a100882bffff_892a1008babffff,882a100883fffff_882a1008bbfffff,533485.0,1422.333612216452,1797.6115871354225,0.7912352270064118,4.733333333333333,2.1999999999999997,0.0,False,5.233333333333333,0.0,0.0,0.0,780.0
6.169336636353136,classic_bike,True,False,2026-01-08 08:35:06.560,8,False,True,1,False,892a100d25bffff,882a100d25fffff,872a100d2ffffff,892a100d23bffff,882a100d21fffff,872a100d2ffffff,892a100d25bffff_892a100d23bffff,882a100d25fffff_882a100d21fffff,279541.0,1529.3169129954256,2162.388723079526,0.7072349650517402,1.5,-1.6333333333333335,0.0,False,6.3,0.0,0.0,0.0,2480.0
6.972617497723985,electric_bike,True,True,2026-01-08 18:15:26.101,18,False,True,1,False,892a100d613ffff,882a100d61fffff,872a100d6ffffff,892a100d4dbffff,882a100d4dfffff,872a100d4ffffff,892a100d613ffff_892a100d4dbffff,882a100d61fffff_882a100d4dfffff,300131.0,2372.9843727835473,3177.7336167271224,0.7467537116051851,6.933333333333334,5.0,0.0,False,0.4666666666666666,0.0,0.0,0.0,3080.0
5.479350593801768,classic_bike,True,False,2026-01-11 12:47:25.723,12,True,False,1,False,892a10089abffff,882a100891fffff,872a10089ffffff,892a100d4dbffff,882a100d4dfffff,872a100d4ffffff,892a10089abffff_892a100d4dbffff,882a100891fffff_882a100d4dfffff,571629.0,868.2178613700839,1227.801508643391,0.7071321017754619,6.3,1.7666666666666666,0.0,False,14.833333333333334,0.0,0.0,0.0,620.0
5.554609386041721,electric_bike,True,True,2026-01-09 14:28:18.661,14,False,False,1,False,892a100f24bffff,882a100f25fffff,872a10089ffffff,892a100d4dbffff,882a100d4dfffff,872a100d4ffffff,892a100f24bffff_892a100d4dbffff,882a100f25fffff_882a100d4dfffff,534728.0,1032.388083261834,1103.8814985935712,0.9352345198077644,8.4,4.866666666666666,0.0,False,16.166666666666668,0.0,0.0,0.0,4280.0
6.711064984536086,electric_bike,True,True,2026-01-06 18:13:52.251,18,False,True,1,False,892a1072c47ffff,882a1072c5fffff,872a1072cffffff,892a100d34fffff,882a100d35fffff,872a100d3ffffff,892a1072c47ffff_892a100d34fffff,882a1072c5fffff_882a100d35fffff,776624.0,2233.3613173705344,2492.083289022167,0.8961824539367026,1.2666666666666666,-1.9666666666666668,0.0,False,6.966666666666666,0.0,0.0066666666666666,0.3999999999999999,640.0
5.106775432420008,electric_bike,True,True,2026-01-08 08:42:14.545,8,False,True,1,False,892a1008c17ffff,882a1008cbfffff,872a1008cffffff,892a1008c37ffff,882a1008c3fffff,872a1008cffffff,892a1008c17ffff_892a1008c37ffff,882a1008cbfffff_882a1008c3fffff,721337.0,743.5041006844261,833.6620069469568,0.8918531664976462,1.5,-1.6333333333333335,0.0,False,6.3,0.0,0.0,0.0,2480.0
5.686965186796585,electric_bike,True,True,2026-01-10 09:44:28.852,9,True,True,1,False,892a100d243ffff,882a100d25fffff,872a100d2ffffff,892a100d2c3ffff,882a100d2dfffff,872a100d2ffffff,892a100d243ffff_892a100d2c3ffff,882a100d25fffff_882a100d2dfffff,133395.0,1016.0721146880566,1372.6831718172186,0.7402087645198822,4.466666666666667,1.2,0.0,False,9.666666666666666,0.0,0.0,0.0,720.0
6.596556169347033,classic_bike,True,False,2026-01-12 08:59:35.082,8,False,True,1,False,892a100d357ffff,882a100d35fffff,872a100d3ffffff,892a100d247ffff,882a100d25fffff,872a100d2ffffff,892a100d357ffff_892a100d247ffff,882a100d35fffff_882a100d25fffff,63750.0,2408.2041303563706,3405.705038414515,0.7071088374339902,-1.2666666666666666,-6.1000000000000005,0.0,False,11.966666666666669,0.0,0.0,0.0,1820.0
6.53231100228593,classic_bike,True,False,2026-01-12 08:24:31.568,8,False,True,1,False,892a1072187ffff,882a107219fffff,872a10721ffffff,892a100d22bffff,882a100d23fffff,872a100d2ffffff,892a1072187ffff_892a100d22bffff,882a107219fffff_882a100d23fffff,354135.0,1671.1630893686045,2333.269418180698,0.7162323717728439,-1.2666666666666666,-6.1000000000000005,0.0,False,11.966666666666669,0.0,0.0,0.0,1820.0
6.164301685328118,electric_bike,True,True,2026-01-01 16:50:09.115,16,False,False,1,True,892a1072187ffff,882a107219fffff,872a10721ffffff,892a100d23bffff,882a100d21fffff,872a100d2ffffff,892a1072187ffff_892a100d23bffff,882a107219fffff_882a100d21fffff,222706.0,1720.9782723155422,2190.084989191748,0.7858043321646025,-4.433333333333334,-10.9,0.0,False,20.433333333333337,0.0,0.02,0.0,480.0
6.1865521862753585,electric_bike,True,True,2026-01-03 15:57:29.910,15,True,False,1,False,892a100c48fffff,882a100c49fffff,872a100c4ffffff,892a100c5dbffff,882a100c5dfffff,872a100c5ffffff,892a100c48fffff_892a100c5dbffff,882a100c49fffff_882a100c5dfffff,504581.0,1408.2960226700827,1855.1046133147677,0.7591464182462944,-1.4333333333333331,-6.133333333333333,0.0,False,8.5,0.0,0.01,0.0,3300.0
5.691001140291468,electric_bike,True,True,2026-01-07 13:02:34.924,13,False,False,1,False,892a1072537ffff,882a107253fffff,872a10725ffffff,892a100d2c3ffff,882a100d2dfffff,872a100d2ffffff,892a1072537ffff_892a100d2c3ffff,882a107253fffff_882a100d2dfffff,161161.0,801.8003889730985,1092.8772492717014,0.7336600606403163,8.733333333333334,4.533333333333333,0.0,False,17.066666666666666,0.0,0.0,0.0,1340.0
6.230674342358914,electric_bike,True,True,2026-01-13 16:47:41.109,16,False,False,1,False,892a100d647ffff,882a100d65fffff,872a100d6ffffff,892a100d247ffff,882a100d25fffff,872a100d2ffffff,892a100d647ffff_892a100d247ffff,882a100d65fffff_882a100d25fffff,194405.0,2478.0251736610658,3450.223231705184,0.7182216938572886,7.0,2.9333333333333336,0.0,False,10.966666666666669,0.0,0.0,0.0,3740.0
5.659245253888465,electric_bike,True,True,2026-01-07 16:53:51.432,16,False,False,1,False,892a1072537ffff,882a107253fffff,872a10725ffffff,892a100d247ffff,882a100d25fffff,872a100d2ffffff,892a1072537ffff_892a100d247ffff,882a107253fffff_882a100d25fffff,946374.0,1132.753894707684,1173.8726529291048,0.9649717044529325,8.6,4.666666666666667,0.0,False,14.6,0.0,0.0,0.0,1520.0
5.884691923784151,electric_bike,True,True,2026-01-06 17:42:23.101,17,False,True,1,False,892a100d647ffff,882a100d65fffff,872a100d6ffffff,892a100d2c3ffff,882a100d2dfffff,872a100d2ffffff,892a100d647ffff_892a100d2c3ffff,882a100d65fffff_882a100d2dfffff,350747.0,1462.3805545237808,1974.2237498883776,0.7407369881992675,2.766666666666667,-0.1999999999999999,0.0,False,6.033333333333334,0.0,0.0066666666666666,0.3999999999999999,580.0
5.956523662409355,electric_bike,True,True,2026-01-09 06:50:21.695,6,False,False,1,False,892a100d2d3ffff,882a100d2dfffff,872a100d2ffffff,892a100d2b3ffff,882a100d2bfffff,872a100d2ffffff,892a100d2d3ffff_892a100d2b3ffff,882a100d2dfffff_882a100d2bfffff,299739.0,1531.7938796164956,2166.204055071664,0.7071327726629243,0.3999999999999999,-2.6666666666666665,0.0,False,5.533333333333334,0.0,0.0,0.0,3800.0
5.897093426249757,electric_bike,True,True,2026-01-03 19:17:43.438,19,True,True,1,False,892a100d247ffff,882a100d25fffff,872a100d2ffffff,892a100d22bffff,882a100d23fffff,872a100d2ffffff,892a100d247ffff_892a100d22bffff,882a100d25fffff_882a100d23fffff,95873.0,850.0846299477272,1087.5724682527043,0.7816349298667652,-2.033333333333333,-5.866666666666667,0.0,False,3.3333333333333335,0.0,0.01,0.0,3540.0
8.063619921522136,classic_bike,True,False,2026-01-08 12:36:21.687,12,False,False,1,False,892a1008cb3ffff,882a1008cbfffff,872a1008cffffff,892a100a81bffff,882a100a8dfffff,872a100a8ffffff,892a1008cb3ffff_892a100a81bffff,882a1008cbfffff_882a100a8dfffff,969572.0,3709.453736218042,5244.305899080295,0.7073297796889723,7.333333333333333,4.8999999999999995,0.0,False,5.533333333333334,0.0,0.0,0.0,2720.0
5.590415921965571,electric_bike,True,True,2026-01-02 13:34:05.136,13,False,False,1,False,892a100d8a7ffff,882a100d8bfffff,872a100d8ffffff,892a100d897ffff,882a100d89fffff,872a100d8ffffff,892a100d8a7ffff_892a100d897ffff,882a100d8bfffff_882a100d89fffff,983527.0,1081.3369599099522,1265.9690135729386,0.8541575254342915,-2.6999999999999997,-7.966666666666666,0.0,False,13.666666666666666,0.0,0.01,0.0,1740.0
7.451728210053023,classic_bike,True,False,2026-01-13 10:30:13.096,10,False,False,1,False,892a1072807ffff,882a107281fffff,872a10728ffffff,892a100d2b3ffff,882a100d2bfffff,872a100d2ffffff,892a1072807ffff_892a100d2b3ffff,882a107281fffff_882a100d2bfffff,27017.0,5670.906950574625,7919.628494428352,0.7160571931580179,0.7000000000000001,-3.0,0.0,False,6.766666666666667,0.0,0.0,0.0,3380.0
5.596401400525766,electric_bike,True,True,2026-01-04 14:20:29.087,14,True,False,1,False,892a100d247ffff,882a100d25fffff,872a100d2ffffff,892a100d2c3ffff,882a100d2dfffff,872a100d2ffffff,892a100d247ffff_892a100d2c3ffff,882a100d25fffff_882a100d2dfffff,619413.0,939.3192443845222,1286.543853062772,0.7301105532845693,0.1666666666666666,-4.3999999999999995,0.0,False,10.1,0.0,0.01,0.0,4680.0
7.0235398746424185,classic_bike,True,False,2026-01-12 13:01:08.697,13,False,False,1,False,892a100d64bffff,882a100d65fffff,872a100d6ffffff,892a10089dbffff,882a10089dfffff,872a10088ffffff,892a100d64bffff_892a10089dbffff,882a100d65fffff_882a10089dfffff,704308.0,3637.5780049278064,4983.006281286874,0.7299966726087275,3.1,-1.6666666666666667,0.0,False,13.133333333333333,0.0,0.0,0.0,2120.0
5.8016227843141515,electric_bike,True,True,2026-01-06 08:32:33.899,8,False,True,1,False,892a100d357ffff,882a100d35fffff,872a100d3ffffff,892a100d22bffff,882a100d23fffff,872a100d2ffffff,892a100d357ffff_892a100d22bffff,882a100d35fffff_882a100d23fffff,379934.0,1425.912845692346,1984.1981612307627,0.7186342944738331,-2.3000000000000003,-5.233333333333333,0.0,False,2.2333333333333334,0.0,0.0066666666666666,0.0,1240.0
7.423510532134531,electric_bike,True,True,2026-01-06 17:33:23.824,17,False,True,1,False,892a1072537ffff,882a107253fffff,872a10725ffffff,892a100d4dbffff,882a100d4dfffff,872a100d4ffffff,892a1072537ffff_892a100d4dbffff,882a107253fffff_882a100d4dfffff,991751.0,4752.515567398776,6418.973475209103,0.7403856061648485,2.766666666666667,-0.1999999999999999,0.0,False,6.033333333333334,0.0,0.0066666666666666,0.3999999999999999,580.0
5.589418587045473,classic_bike,True,False,2026-01-03 12:21:23.918,12,True,False,1,False,892a100d247ffff,882a100d25fffff,872a100d2ffffff,892a100d23bffff,882a100d21fffff,872a100d2ffffff,892a100d247ffff_892a100d23bffff,882a100d25fffff_882a100d21fffff,391865.0,679.0041538700444,944.3946091591628,0.7189835131255063,-2.5,-7.333333333333333,0.0,False,8.933333333333334,0.0,0.01,0.0,3120.0
6.300539892872243,electric_bike,True,True,2026-01-13 17:00:33.247,17,False,True,1,False,892a100d647ffff,882a100d65fffff,872a100d6ffffff,892a100d247ffff,882a100d25fffff,872a100d2ffffff,892a100d647ffff_892a100d247ffff,882a100d65fffff_882a100d25fffff,194405.0,2478.0251736610658,3450.223231705184,0.7182216938572886,5.433333333333334,1.2666666666666666,0.0,False,12.566666666666668,0.0,0.0,0.0,3800.0
6.18849818193098,electric_bike,True,True,2026-01-14 10:39:12.077,10,False,False,1,False,892a100ae1bffff,882a100ae1fffff,872a100aeffffff,892a100aa8bffff,882a100aa9fffff,872a100aaffffff,892a100ae1bffff_892a100aa8bffff,882a100ae1fffff_882a100aa9fffff,450286.0,1959.450204493547,2613.6734907592354,0.7496920374412774,5.5,1.9666666666666668,0.0,False,9.366666666666664,0.0,0.0,0.0,4820.0
5.948992754919658,electric_bike,True,True,2026-01-05 11:47:23.652,11,False,False,1,False,892a1072187ffff,882a107219fffff,872a10721ffffff,892a100d23bffff,882a100d21fffff,872a100d2ffffff,892a1072187ffff_892a100d23bffff,882a107219fffff_882a100d21fffff,222706.0,1720.9782723155422,2190.084989191748,0.7858043321646025,-2.3000000000000003,-5.8,0.0666666666666666,False,3.4333333333333336,0.0466666666666666,0.01,0.3999999999999999,2020.0
6.309489095231578,classic_bike,True,False,2026-01-06 15:07:12.206,15,False,False,1,False,892a100d247ffff,882a100d25fffff,872a100d2ffffff,892a100d2c3ffff,882a100d2dfffff,872a100d2ffffff,892a100d247ffff_892a100d2c3ffff,882a100d25fffff_882a100d2dfffff,619413.0,939.3192443845222,1286.543853062772,0.7301105532845693,3.5,0.3999999999999999,0.0,False,5.466666666666666,0.0,0.0066666666666666,0.0,1660.0
5.79047685696388,classic_bike,True,False,2026-01-12 14:38:36.507,14,False,False,1,False,892a10088bbffff,882a10088bfffff,872a10088ffffff,892a10089dbffff,882a10089dfffff,872a10088ffffff,892a10088bbffff_892a10089dbffff,882a10088bfffff_882a10089dfffff,607526.0,958.766885011652,1008.0043675844356,0.951153502746446,3.9333333333333336,-1.0,0.0,False,13.666666666666666,0.0,0.0,0.0,2180.0
6.003630244006853,classic_bike,True,False,2026-01-13 16:55:19.629,16,False,False,1,False,892a1072813ffff,882a107281fffff,872a10728ffffff,892a107289bffff,882a107289fffff,872a10728ffffff,892a1072813ffff_892a107289bffff,882a107281fffff_882a107289fffff,562328.0,735.0934189068017,929.2048159589872,0.7910994500691944,7.0,2.9333333333333336,0.0,False,10.966666666666669,0.0,0.0,0.0,3740.0
5.857555940490063,classic_bike,True,False,2026-01-06 18:14:41.431,18,False,True,1,False,892a1008c3bffff,882a1008c3fffff,872a1008cffffff,892a1008c37ffff,882a1008c3fffff,872a1008cffffff,892a1008c3bffff_892a1008c37ffff,882a1008c3fffff_882a1008c3fffff,354765.0,729.7668526360366,941.38294373526,0.7752072177348317,1.2666666666666666,-1.9666666666666668,0.0,False,6.966666666666666,0.0,0.0066666666666666,0.3999999999999999,640.0
6.854641380932622,electric_bike,True,True,2026-01-06 15:51:53.367,15,False,False,1,False,892a100da33ffff,882a100da3fffff,872a100daffffff,892a107746bffff,882a107747fffff,872a10774ffffff,892a100da33ffff_892a107746bffff,882a100da3fffff_882a107747fffff,363366.0,3389.506295731867,4789.087300419569,0.7077562138896307,3.5,0.3999999999999999,0.0,False,5.466666666666666,0.0,0.0066666666666666,0.0,1660.0
5.46975911899547,electric_bike,True,True,2026-01-01 00:43:34.778,0,False,False,1,True,892a1072c27ffff,882a1072c3fffff,872a1072cffffff,892a1072c0fffff,882a1072c1fffff,872a1072cffffff,892a1072c27ffff_892a1072c0fffff,882a1072c3fffff_882a1072c1fffff,568807.0,754.2040712690498,1062.4281618151315,0.709887123078996,-1.2333333333333334,-6.2,0.0,False,12.933333333333332,0.0,0.01,0.0,3480.0
6.015288489830982,electric_bike,True,True,2026-01-09 16:51:26.263,16,False,False,1,False,892a100ae63ffff,882a100ae7fffff,872a100aeffffff,892a100ae0bffff,882a100ae5fffff,872a100aeffffff,892a100ae63ffff_892a100ae0bffff,882a100ae7fffff_882a100ae5fffff,690245.0,836.2400053463315,1075.263727618271,0.777706886103764,8.033333333333333,5.2,0.0,False,12.333333333333334,0.0,0.0,0.0,4400.0
6.1518855274485995,electric_bike,True,True,2026-01-12 08:46:28.860,8,False,True,1,False,892a1072c87ffff,882a1072c9fffff,872a1072cffffff,892a100d22bffff,882a100d23fffff,872a100d2ffffff,892a1072c87ffff_892a100d22bffff,882a1072c9fffff_882a100d23fffff,59123.0,922.583344176066,1000.0045698044288,0.9225791281698802,-1.2666666666666666,-6.1000000000000005,0.0,False,11.966666666666669,0.0,0.0,0.0,1820.0
6.457990260409388,electric_bike,True,True,2026-01-10 13:25:04.366,13,True,False,1,False,892a1072c53ffff,882a1072cdfffff,872a1072cffffff,892a100d34fffff,882a100d35fffff,872a100d3ffffff,892a1072c53ffff_892a100d34fffff,882a1072cdfffff_882a100d35fffff,460941.0,2095.965875586232,2497.8048899146465,0.8391231372991083,5.8,3.0666666666666664,0.0,False,5.8,0.0,0.0,0.0,960.0
6.534528389978698,classic_bike,True,False,2026-01-03 14:40:16.612,14,True,False,1,False,892a1072c53ffff,882a1072cdfffff,872a1072cffffff,892a1072813ffff,882a107281fffff,872a10728ffffff,892a1072c53ffff_892a1072813ffff,882a1072cdfffff_882a107281fffff,250742.0,2348.2849142782848,2729.318429235394,0.8603924295253984,-2.033333333333333,-6.766666666666667,0.0,False,8.766666666666666,0.0,0.01,0.0,3240.0
6.3332707471055825,electric_bike,True,True,2026-01-08 10:10:33.868,10,False,False,1,False,892a100d273ffff,882a100d27fffff,872a100d2ffffff,892a1072ccfffff,882a1072cdfffff,872a1072cffffff,892a100d273ffff_892a1072ccfffff,882a100d27fffff_882a1072cdfffff,170732.0,1598.168347816768,2223.6686383621172,0.71870795866147,4.2,1.3666666666666665,0.0,False,6.833333333333333,0.0,0.0,0.0,2600.0
6.440767896287815,electric_bike,True,True,2026-01-11 17:12:37.337,17,True,True,1,False,892a100a957ffff,882a100a95fffff,872a100a9ffffff,892a100a81bffff,882a100a8dfffff,872a100a8ffffff,892a100a957ffff_892a100a81bffff,882a100a95fffff_882a100a8dfffff,449383.0,2428.0790454233024,3097.355882266924,0.7839199425951066,5.666666666666667,0.1666666666666666,0.0333333333333333,False,19.0,0.0,0.0,0.0333333333333333,920.0
5.034918066616097,classic_bike,True,False,2026-01-05 13:46:15.056,13,False,False,1,False,892a1072c87ffff,882a1072c9fffff,872a1072cffffff,892a100d34fffff,882a100d35fffff,872a100d3ffffff,892a1072c87ffff_892a100d34fffff,882a1072c9fffff_882a100d35fffff,485251.0,490.61737558014465,627.5154942528376,0.7818410542425043,-1.0,-4.733333333333333,0.0,False,5.7,0.0,0.01,0.5333333333333333,2140.0
6.37111428757214,electric_bike,True,True,2026-01-09 18:46:41.571,18,False,True,1,False,892a100d347ffff,882a100d35fffff,872a100d3ffffff,892a1072c0fffff,882a1072c1fffff,872a1072cffffff,892a100d347ffff_892a1072c0fffff,882a100d35fffff_882a1072c1fffff,783721.0,1829.2940205636016,2309.5696185934003,0.7920497420111104,8.0,5.2,0.1666666666666666,True,11.833333333333334,0.0,0.0,0.0,2000.0
5.009841645907499,electric_bike,True,True,2026-01-10 14:06:05.489,14,True,False,1,False,892a100d24bffff,882a100d25fffff,872a10721ffffff,892a100d247ffff,882a100d25fffff,872a100d2ffffff,892a100d24bffff_892a100d247ffff,882a100d25fffff_882a100d25fffff,257086.0,546.3994357748412,626.8179702761038,0.8717035274757049,5.433333333333334,2.433333333333333,0.3333333333333333,True,7.033333333333334,0.0,0.0,0.0,0.0
7.5986604481116915,electric_bike,True,True,2026-01-08 15:35:49.643,15,False,False,1,False,892a100d347ffff,882a100d35fffff,872a100d3ffffff,892a1072ccfffff,882a1072cdfffff,872a1072cffffff,892a100d347ffff_892a1072ccfffff,882a100d35fffff_882a1072cdfffff,972101.0,2015.9155633902824,2354.627077458021,0.8561506757013085,9.866666666666667,7.1000000000000005,0.0,False,6.1000000000000005,0.0,0.0,0.0,2900.0
5.771584415043924,classic_bike,True,False,2026-01-02 08:45:47.519,8,False,True,1,False,892a100d253ffff,882a100d25fffff,872a100d2ffffff,892a100d2c3ffff,882a100d2dfffff,872a100d2ffffff,892a100d253ffff_892a100d2c3ffff,882a100d25fffff_882a100d2dfffff,71794.0,795.5569459225691,1024.297185970263,0.7766856697638779,-6.466666666666666,-11.1,0.0,False,8.700000000000001,0.0,0.01,0.0,1440.0
7.099016755345563,electric_bike,True,True,2026-01-10 09:09:40.610,9,True,True,1,False,892a100de87ffff,882a100de9fffff,872a100deffffff,892a100d23bffff,882a100d21fffff,872a100d2ffffff,892a100de87ffff_892a100d23bffff,882a100de9fffff_882a100d21fffff,632202.0,4871.7465965979245,6883.660547307039,0.7077261528393934,4.466666666666667,1.2,0.0,False,9.666666666666666,0.0,0.0,0.0,720.0
7.002101357826813,electric_bike,True,True,2026-01-12 09:41:44.822,9,False,True,1,False,892a100de87ffff,882a100de9fffff,872a100deffffff,892a1072ccfffff,882a1072cdfffff,872a1072cffffff,892a100de87ffff_892a1072ccfffff,882a100de9fffff_882a1072cdfffff,490424.0,5527.444294535018,7233.742650921551,0.7641195659387804,-1.1,-5.766666666666667,0.0,False,10.966666666666669,0.0,0.0,0.0,1880.0
6.450505176674512,electric_bike,True,True,2026-01-05 18:37:53.342,18,False,True,1,False,892a100d273ffff,882a100d27fffff,872a100d2ffffff,892a100d2b3ffff,882a100d2bfffff,872a100d2ffffff,892a100d273ffff_892a100d2b3ffff,882a100d27fffff_882a100d2bfffff,999377.0,1735.1056655342472,2081.3037120773997,0.8336628890179589,-0.1666666666666666,-4.266666666666667,0.0,False,9.8,0.0,0.01,0.0,400.0
6.251624460701395,electric_bike,False,True,2026-01-10 03:18:13.501,3,True,False,1,False,892a100d253ffff,882a100d25fffff,872a100d2ffffff,892a100d2b3ffff,882a100d2bfffff,872a100d2ffffff,892a100d253ffff_892a100d2b3ffff,882a100d25fffff_882a100d2bfffff,771216.0,1957.2917141280773,2287.0653940340467,0.8558092476209012,8.6,6.566666666666666,0.0,False,9.8,0.0,0.0,0.0,360.0
7.832661589938368,electric_bike,False,True,2026-01-05 18:59:27.057,18,False,True,1,False,892a100d34fffff,882a100d35fffff,872a100d3ffffff,892a100d23bffff,882a100d21fffff,872a100d2ffffff,892a100d34fffff_892a100d23bffff,882a100d35fffff_882a100d21fffff,152180.0,1695.7493968149006,1831.6745604659857,0.9257918592173356,-0.1666666666666666,-4.266666666666667,0.0,False,9.8,0.0,0.01,0.0,400.0
6.556127576264918,electric_bike,False,True,2026-01-12 16:08:45.736,16,False,False,1,False,892a107281bffff,882a107281fffff,872a10728ffffff,892a1072807ffff,882a107281fffff,872a10728ffffff,892a107281bffff_892a1072807ffff,882a107281fffff_882a107281fffff,721751.0,622.0414053635183,870.9952272313186,0.7141731503407156,4.533333333333333,-0.5,0.0,False,15.1,0.0,0.0,0.0,2300.0
6.486630190952848,electric_bike,False,True,2026-01-05 01:40:02.172,1,False,False,1,False,892a100decfffff,882a100dedfffff,872a100deffffff,892a100d363ffff,882a100d37fffff,872a100d3ffffff,892a100decfffff_892a100d363ffff,882a100dedfffff_882a100d37fffff,298171.0,1879.4187475894491,2552.9079438213635,0.7361874336824732,-2.6333333333333333,-7.133333333333333,0.0,False,9.9,0.0,0.01,0.0,5340.0
5.611495387366167,electric_bike,True,True,2026-01-06 17:27:48.887,17,False,True,1,False,892a1072c83ffff,882a1072c9fffff,872a1072cffffff,892a1072c0fffff,882a1072c1fffff,872a1072cffffff,892a1072c83ffff_892a1072c0fffff,882a1072c9fffff_882a1072c1fffff,673774.0,1286.390589124137,1782.6658387170291,0.7216106132655475,2.766666666666667,-0.1999999999999999,0.0,False,6.033333333333334,0.0,0.0066666666666666,0.3999999999999999,580.0
6.351777116856276,electric_bike,True,True,2026-01-10 09:53:03.713,9,True,True,1,False,892a1072c53ffff,882a1072cdfffff,872a1072cffffff,892a100d2c3ffff,882a100d2dfffff,872a100d2ffffff,892a1072c53ffff_892a100d2c3ffff,882a1072cdfffff_882a100d2dfffff,948558.0,2810.3939938823037,3936.739825089602,0.7138886791479387,4.466666666666667,1.2,0.0,False,9.666666666666666,0.0,0.0,0.0,720.0
6.222135694842759,classic_bike,True,False,2026-01-14 11:06:47.801,11,False,False,1,False,892a100d2c3ffff,882a100d2dfffff,872a100d2ffffff,892a100d2b3ffff,882a100d2bfffff,872a100d2ffffff,892a100d2c3ffff_892a100d2b3ffff,882a100d2dfffff_882a100d2bfffff,332395.0,1342.431454172652,1821.533055844172,0.7369789144729603,5.833333333333333,2.433333333333333,0.0,False,8.533333333333333,0.0,0.0,0.0,4880.0
5.271213348855977,classic_bike,True,False,2026-01-12 18:13:22.325,18,False,True,1,False,892a100d6cfffff,882a100d6dfffff,872a100d6ffffff,892a100d6cfffff,882a100d6dfffff,872a100d6ffffff,892a100d6cfffff_892a100d6cfffff,882a100d6dfffff_882a100d6dfffff,597114.0,0.0,0.0,1.0,3.0,-1.3666666666666665,0.0,False,11.3,0.0,0.0,0.0,2420.0
7.759964345344296,electric_bike,False,True,2026-01-02 09:07:40.208,9,False,True,1,False,892a100d6cfffff,882a100d6dfffff,872a100d6ffffff,892a100d6cfffff,882a100d6dfffff,872a100d6ffffff,892a100d6cfffff_892a100d6cfffff,882a100d6dfffff_882a100d6dfffff,597114.0,0.0,0.0,1.0,-7.133333333333333,-11.466666666666669,0.0,False,6.8999999999999995,0.0,0.01,0.0,1500.0
6.0849617207730855,electric_bike,False,True,2026-01-02 20:35:09.709,20,False,False,1,False,892a100d22bffff,882a100d23fffff,872a100d2ffffff,892a100d2c3ffff,882a100d2dfffff,872a100d2ffffff,892a100d22bffff_892a100d2c3ffff,882a100d23fffff_882a100d2dfffff,161730.0,1619.8650288470265,1798.8690058419156,0.9004908215030861,-3.1999999999999997,-7.533333333333334,0.0,False,6.666666666666667,0.0,0.01,0.0,2160.0
8.095780087365782,electric_bike,False,True,2026-01-03 16:13:32.082,16,True,False,1,False,892a100d6cfffff,882a100d6dfffff,872a100d6ffffff,892a100d6cfffff,882a100d6dfffff,872a100d6ffffff,892a100d6cfffff_892a100d6cfffff,882a100d6dfffff_882a100d6dfffff,597114.0,0.0,0.0,1.0,-0.9666666666666668,-5.466666666666666,0.0,False,7.166666666666667,0.0,0.01,0.0,3360.0
5.725563535717859,electric_bike,False,True,2026-01-03 08:50:16.822,8,True,True,1,False,892a100d247ffff,882a100d25fffff,872a100d2ffffff,892a100d23bffff,882a100d21fffff,872a100d2ffffff,892a100d247ffff_892a100d23bffff,882a100d25fffff_882a100d21fffff,391865.0,939.661477371237,1278.2013042414796,0.7351435757835174,-6.733333333333333,-11.6,0.0,False,9.466666666666669,0.0,0.01,0.0,2880.0
4.89520947801355,classic_bike,False,False,2026-01-02 12:20:54.717,12,False,False,1,False,892a100d6cfffff,882a100d6dfffff,872a100d6ffffff,892a100d6cfffff,882a100d6dfffff,872a100d6ffffff,892a100d6cfffff_892a100d6cfffff,882a100d6dfffff_882a100d6dfffff,597114.0,0.0,0.0,1.0,-3.733333333333333,-8.366666666666667,0.0,False,9.433333333333332,0.0,0.01,0.0,1680.0
7.006434323239439,electric_bike,False,True,2026-01-01 19:14:06.829,19,False,True,1,True,892a100d2dbffff,882a100d2dfffff,872a10725ffffff,892a100d2dbffff,882a100d2dfffff,872a10725ffffff,892a100d2dbffff_892a100d2dbffff,882a100d2dfffff_882a100d2dfffff,609373.0,0.0,0.0,1.0,-6.5,-12.033333333333331,0.0,False,12.8,0.0,0.02,0.0,660.0
8.323136486329657,classic_bike,False,False,2026-01-02 11:23:24.667,11,False,False,1,False,892a100d6cfffff,882a100d6dfffff,872a100d6ffffff,892a100d6cfffff,882a100d6dfffff,872a100d6ffffff,892a100d6cfffff_892a100d6cfffff,882a100d6dfffff_882a100d6dfffff,597114.0,0.0,0.0,1.0,-4.8,-9.466666666666669,0.0,False,9.166666666666666,0.0,0.01,0.0,1620.0
6.758557811718477,electric_bike,False,True,2026-01-10 19:28:54.868,19,True,True,1,False,892a1072ccfffff,882a1072cdfffff,872a1072cffffff,892a1072ccfffff,882a1072cdfffff,872a1072cffffff,892a1072ccfffff_892a1072ccfffff,882a1072cdfffff_882a1072cdfffff,30387.0,0.0,0.0,1.0,4.0,0.5666666666666667,1.7666666666666666,True,12.6,0.0,0.0,5.466666666666666,0.0
6.6770708667093865,electric_bike,False,True,2026-01-10 19:29:22.497,19,True,True,1,False,892a1072ccfffff,882a1072cdfffff,872a1072cffffff,892a1072ccfffff,882a1072cdfffff,872a1072cffffff,892a1072ccfffff_892a1072ccfffff,882a1072cdfffff_882a1072cdfffff,30387.0,0.0,0.0,1.0,4.0,0.5666666666666667,1.7666666666666666,True,12.6,0.0,0.0,5.466666666666666,0.0
7.725786445888449,electric_bike,False,True,2026-01-06 11:11:56.008,11,False,False,1,False,892a100d6cfffff,882a100d6dfffff,872a100d6ffffff,892a100d6cfffff,882a100d6dfffff,872a100d6ffffff,892a100d6cfffff_892a100d6cfffff,882a100d6dfffff_882a100d6dfffff,597114.0,0.0,0.0,1.0,0.9666666666666668,-2.1,0.0,False,3.5666666666666664,0.0,0.0066666666666666,0.0,1420.0
5.626933827203666,electric_bike,False,True,2026-01-06 05:47:34.619,5,False,False,1,False,892a100d2c3ffff,882a100d2dfffff,872a100d2ffffff,892a100d2b3ffff,882a100d2bfffff,872a100d2ffffff,892a100d2c3ffff_892a100d2b3ffff,882a100d2dfffff_882a100d2bfffff,332395.0,1342.431454172652,1821.533055844172,0.7369789144729603,-1.4666666666666668,-4.566666666666666,0.0,False,3.7999999999999994,0.0,0.0066666666666666,0.0,1060.0
6.30548482863274,electric_bike,False,True,2026-01-05 19:18:50.751,19,False,True,1,False,892a100d34fffff,882a100d35fffff,872a100d3ffffff,892a1072c0fffff,882a1072c1fffff,872a1072cffffff,892a100d34fffff_892a1072c0fffff,882a100d35fffff_882a1072c1fffff,417935.0,1644.785798598731,2131.5094325679556,0.7716530705741049,0.2,-4.266666666666667,0.0,False,12.266666666666666,0.0,0.01,0.0,460.0
6.310819690014629,electric_bike,True,True,2026-01-04 13:57:21.650,13,True,False,1,False,892a1072d67ffff,882a1072d7fffff,872a1072dffffff,892a100da47ffff,882a100da5fffff,872a100daffffff,892a1072d67ffff_892a100da47ffff,882a1072d7fffff_882a100da5fffff,762113.0,1667.7711683162563,2358.2058897269153,0.7072203388099364,-0.6333333333333333,-5.0,0.0,False,9.333333333333334,0.0,0.01,0.0,4620.0
5.955997978328195,electric_bike,True,True,2026-01-10 10:36:54.677,10,True,False,1,False,892a100d20fffff,882a100d21fffff,872a100d2ffffff,892a100d2dbffff,882a100d2dfffff,872a10725ffffff,892a100d20fffff_892a100d2dbffff,882a100d21fffff_882a100d2dfffff,971669.0,1456.721317897486,1597.807103222327,0.9117003641801876,4.733333333333333,2.1999999999999997,0.0,False,5.233333333333333,0.0,0.0,0.0,780.0
6.012087915935041,classic_bike,True,False,2026-01-05 12:57:53.110,12,False,False,1,False,892a100d817ffff,882a100d81fffff,872a100d8ffffff,892a100d9dbffff,882a100d9dfffff,872a100d9ffffff,892a100d817ffff_892a100d9dbffff,882a100d81fffff_882a100d9dfffff,284447.0,912.3056204831076,1261.7180607649989,0.7230661499209758,-1.4666666666666668,-5.0,0.0666666666666666,False,4.033333333333333,0.0466666666666666,0.01,0.4666666666666666,2080.0
6.661556742184016,classic_bike,True,False,2026-01-11 11:36:16.839,11,True,False,1,False,892a100d36bffff,882a100d37fffff,872a100d3ffffff,892a100d2b3ffff,882a100d2bfffff,872a100d2ffffff,892a100d36bffff_892a100d2b3ffff,882a100d37fffff_882a100d2bfffff,577117.0,2847.5180619095095,3490.9649039746264,0.8156822369275261,5.966666666666666,2.1999999999999997,0.0,False,12.7,0.0,0.0,0.0,560.0
5.8064533765435185,classic_bike,True,False,2026-01-14 07:10:05.877,7,False,True,1,False,892a100d62bffff,882a100d63fffff,872a100d6ffffff,892a100d2b3ffff,882a100d2bfffff,872a100d2ffffff,892a100d62bffff_892a100d2b3ffff,882a100d63fffff_882a100d2bfffff,778389.0,1047.8727165410546,1088.9941185597352,0.9622390963203123,4.166666666666667,0.6333333333333333,0.0,False,8.533333333333333,0.0,0.0,0.0,4640.0
7.331411913338313,electric_bike,True,True,2026-01-14 07:28:56.232,7,False,True,1,False,892a1008b8bffff,882a1008b9fffff,872a1008bffffff,892a1072ccfffff,882a1072cdfffff,872a1072cffffff,892a1008b8bffff_892a1072ccfffff,882a1008b9fffff_882a1072cdfffff,223223.0,6516.9550644081155,8084.651740807207,0.806089770263553,4.166666666666667,0.6333333333333333,0.0,False,8.533333333333333,0.0,0.0,0.0,4640.0
5.479826093084965,electric_bike,True,True,2026-01-14 12:57:11.747,12,False,False,1,False,892a10725a7ffff,882a10725bfffff,872a10725ffffff,892a100d2c3ffff,882a100d2dfffff,872a100d2ffffff,892a10725a7ffff_892a100d2c3ffff,882a10725bfffff_882a100d2dfffff,545257.0,681.1668357609404,899.1793113172553,0.7575428250935435,6.866666666666667,3.7999999999999994,0.0,False,7.133333333333333,0.0,0.0,0.0,4940.0
5.973099436090006,electric_bike,True,True,2026-01-03 18:36:36.070,18,True,True,1,False,892a10012c3ffff,882a10012dfffff,872a10012ffffff,892a1001263ffff,882a100127fffff,872a10012ffffff,892a10012c3ffff_892a1001263ffff,882a10012dfffff_882a100127fffff,174104.0,1563.739551283425,1939.1343031210497,0.8064111643874154,-1.8,-5.633333333333333,0.0,False,3.1,0.0,0.01,0.0,3480.0
7.1628090405671685,classic_bike,True,False,2026-01-08 12:19:27.918,12,False,False,1,False,892a100d233ffff,882a100d23fffff,872a100d2ffffff,892a100d22bffff,882a100d23fffff,872a100d2ffffff,892a100d233ffff_892a100d22bffff,882a100d23fffff_882a100d23fffff,191252.0,540.0029977275809,694.8333692740233,0.7771690618310222,7.333333333333333,4.8999999999999995,0.0,False,5.533333333333334,0.0,0.0,0.0,2720.0
6.129581659230358,electric_bike,True,True,2026-01-02 13:56:49.923,13,False,False,1,False,892a1072cc7ffff,882a1072cdfffff,872a1072cffffff,892a100d22bffff,882a100d23fffff,872a100d2ffffff,892a1072cc7ffff_892a100d22bffff,882a1072cdfffff_882a100d23fffff,341278.0,1321.6867806964117,1858.1662072229856,0.7112855543055333,-2.6999999999999997,-7.966666666666666,0.0,False,13.666666666666666,0.0,0.01,0.0,1740.0
5.676664757207997,electric_bike,True,True,2026-01-12 10:04:09.261,10,False,False,1,False,892a10728d7ffff,882a10728dfffff,872a10728ffffff,892a1072807ffff,882a107281fffff,872a10728ffffff,892a10728d7ffff_892a1072807ffff,882a10728dfffff_882a107281fffff,888088.0,1156.157139306952,1347.8363785017666,0.8577874568069737,-0.2666666666666666,-4.666666666666667,0.0,False,10.066666666666666,0.0,0.0,0.0,1940.0
6.553678385756431,electric_bike,True,True,2026-01-05 09:48:02.023,9,False,True,1,False,892a10088afffff,882a100883fffff,872a10088ffffff,892a100d6cfffff,882a100d6dfffff,872a100d6ffffff,892a10088afffff_892a100d6cfffff,882a100883fffff_882a100d6dfffff,969727.0,2952.340571780577,3728.3062782439606,0.7918717914911044,-3.766666666666667,-7.5,0.0,False,3.8333333333333335,0.0,0.01,0.0,5820.0
7.068714442677437,electric_bike,True,True,2026-01-02 13:16:58.672,13,False,False,1,False,892a100ab5bffff,882a100ab5fffff,872a100abffffff,892a1008c37ffff,882a1008c3fffff,872a1008cffffff,892a100ab5bffff_892a1008c37ffff,882a100ab5fffff_882a1008c3fffff,452328.0,1719.4488428862785,2313.10324155982,0.7433515339880737,-2.6999999999999997,-7.966666666666666,0.0,False,13.666666666666666,0.0,0.01,0.0,1740.0
