datetime,location,lat,lon,temperature_2m,apparent_temp,precipitation_mm,windspeed,snowfall,snow_depth,is_rainy,precip_last_3h,mins_since_rain
2025-02-01T00:00:00,harlem,40.8116,-73.9465,5.5,3.2,0.8,7.6,0.0,0.01,True,2.8,0
2025-02-01T01:00:00,harlem,40.8116,-73.9465,5.1,2.9,0.5,6.3,0.0,0.01,True,2.8,0
2025-02-01T02:00:00,harlem,40.8116,-73.9465,5.2,2.8,0.4,7.6,0.0,0.01,True,2.7,0
2025-02-01T03:00:00,harlem,40.8116,-73.9465,5.1,2.5,0.5,8.9,0.0,0.01,True,1.7,0
2025-02-01T04:00:00,harlem,40.8116,-73.9465,4.6,1.7,0.2,10.6,0.0,0.01,True,1.4,0
2025-02-01T05:00:00,harlem,40.8116,-73.9465,4.0,-0.1,0.0,17.0,0.0,0.01,False,1.1,60
2025-02-01T06:00:00,harlem,40.8116,-73.9465,2.4,-2.2,0.0,18.4,0.0,0.01,False,0.7,120
2025-02-01T07:00:00,harlem,40.8116,-73.9465,2.0,-2.0,0.0,13.3,0.0,0.01,False,0.2,180
2025-02-01T08:00:00,harlem,40.8116,-73.9465,1.3,-3.4,0.0,17.1,0.0,0.01,False,0.0,240
2025-02-01T09:00:00,harlem,40.8116,-73.9465,1.5,-3.3,0.0,16.8,0.0,0.01,False,0.0,300
2025-02-01T10:00:00,harlem,40.8116,-73.9465,1.0,-4.3,0.0,19.7,0.0,0.01,False,0.0,360
2025-02-01T11:00:00,harlem,40.8116,-73.9465,0.6,-4.6,0.0,17.4,0.0,0.01,False,0.0,420
2025-02-01T12:00:00,harlem,40.8116,-73.9465,0.3,-4.8,0.0,16.0,0.0,0.01,False,0.0,480
2025-02-01T13:00:00,harlem,40.8116,-73.9465,0.1,-5.1,0.0,15.5,0.0,0.01,False,0.0,540
2025-02-01T14:00:00,harlem,40.8116,-73.9465,-0.2,-5.7,0.0,16.5,0.0,0.01,False,0.0,600
2025-02-01T15:00:00,harlem,40.8116,-73.9465,0.1,-5.6,0.0,17.2,0.0,0.01,False,0.0,660
2025-02-01T16:00:00,harlem,40.8116,-73.9465,-0.3,-6.0,0.0,16.2,0.0,0.01,False,0.0,720
2025-02-01T17:00:00,harlem,40.8116,-73.9465,-1.1,-7.0,0.0,17.3,0.0,0.01,False,0.0,780
2025-02-01T18:00:00,harlem,40.8116,-73.9465,-2.5,-8.4,0.0,16.8,0.0,0.01,False,0.0,840
2025-02-01T19:00:00,harlem,40.8116,-73.9465,-3.7,-9.5,0.0,15.7,0.0,0.01,False,0.0,900
2025-02-01T20:00:00,harlem,40.8116,-73.9465,-4.8,-10.3,0.0,13.8,0.0,0.01,False,0.0,960
2025-02-01T21:00:00,harlem,40.8116,-73.9465,-3.8,-9.4,0.0,13.8,0.0,0.01,False,0.0,1020
2025-02-01T22:00:00,harlem,40.8116,-73.9465,-4.7,-10.3,0.0,13.4,0.0,0.01,False,0.0,1080
2025-02-01T23:00:00,harlem,40.8116,-73.9465,-5.4,-10.8,0.0,11.9,0.0,0.01,False,0.0,1140
2025-02-02T00:00:00,harlem,40.8116,-73.9465,-6.1,-11.5,0.0,11.7,0.0,0.01,False,0.0,1200
2025-02-02T01:00:00,harlem,40.8116,-73.9465,-6.8,-12.2,0.0,11.1,0.0,0.01,False,0.0,1260
2025-02-02T02:00:00,harlem,40.8116,-73.9465,-7.7,-13.2,0.0,11.6,0.0,0.01,False,0.0,1320
2025-02-02T03:00:00,harlem,40.8116,-73.9465,-8.4,-13.7,0.0,10.5,0.0,0.01,False,0.0,1380
2025-02-02T04:00:00,harlem,40.8116,-73.9465,-8.8,-13.8,0.0,8.8,0.0,0.01,False,0.0,1440
2025-02-02T05:00:00,harlem,40.8116,-73.9465,-9.1,-14.1,0.0,8.7,0.0,0.01,False,0.0,1500
2025-02-02T06:00:00,harlem,40.8116,-73.9465,-9.3,-14.3,0.0,8.7,0.0,0.01,False,0.0,1560
2025-02-02T07:00:00,harlem,40.8116,-73.9465,-9.4,-14.2,0.0,7.5,0.0,0.01,False,0.0,1620
2025-02-02T08:00:00,harlem,40.8116,-73.9465,-9.2,-13.9,0.0,6.4,0.0,0.01,False,0.0,1680
2025-02-02T09:00:00,harlem,40.8116,-73.9465,-8.7,-13.2,0.0,5.6,0.0,0.01,False,0.0,1740
2025-02-02T10:00:00,harlem,40.8116,-73.9465,-7.2,-11.4,0.0,4.3,0.0,0.01,False,0.0,1800
2025-02-02T11:00:00,harlem,40.8116,-73.9465,-5.2,-9.3,0.0,3.5,0.0,0.01,False,0.0,1860
2025-02-02T12:00:00,harlem,40.8116,-73.9465,-3.7,-8.0,0.0,5.2,0.0,0.01,False,0.0,1920
2025-02-02T13:00:00,harlem,40.8116,-73.9465,-2.4,-6.8,0.0,6.5,0.0,0.01,False,0.0,1980
2025-02-02T14:00:00,harlem,40.8116,-73.9465,-1.8,-6.1,0.0,7.6,0.0,0.01,False,0.0,2040
2025-02-02T15:00:00,harlem,40.8116,-73.9465,-2.2,-6.4,0.0,7.3,0.0,0.01,False,0.0,2100
2025-02-02T16:00:00,harlem,40.8116,-73.9465,-2.0,-6.1,0.0,7.4,0.0,0.01,False,0.0,2160
2025-02-02T17:00:00,harlem,40.8116,-73.9465,-0.8,-4.3,0.0,4.7,0.0,0.01,False,0.0,2220
2025-02-02T18:00:00,harlem,40.8116,-73.9465,0.0,-3.4,0.0,4.4,0.0,0.01,False,0.0,2280
2025-02-02T19:00:00,harlem,40.8116,-73.9465,0.6,-3.1,0.0,6.6,0.0,0.01,False,0.0,2340
2025-02-02T20:00:00,harlem,40.8116,-73.9465,1.2,-2.6,0.0,8.1,0.0,0.01,False,0.0,2400
2025-02-02T21:00:00,harlem,40.8116,-73.9465,-0.4,-4.0,0.9,6.7,0.63,0.01,True,0.0,0
2025-02-02T22:00:00,harlem,40.8116,-73.9465,-0.4,-3.5,0.8,4.0,0.56,0.02,True,0.9,0
2025-02-02T23:00:00,harlem,40.8116,-73.9465,0.1,-3.1,0.8,6.2,0.56,0.03,True,1.7,0
2025-02-03T00:00:00,harlem,40.8116,-73.9465,0.4,-2.5,0.9,4.7,0.63,0.03,True,2.5,0
2025-02-03T01:00:00,harlem,40.8116,-73.9465,0.3,-2.5,0.0,4.3,0.0,0.04,False,2.5,60
2025-02-03T02:00:00,harlem,40.8116,-73.9465,0.4,-2.7,0.0,6.0,0.0,0.04,False,1.7,120
2025-02-03T03:00:00,harlem,40.8116,-73.9465,0.2,-3.2,0.0,8.0,0.0,0.04,False,0.9,180
2025-02-03T04:00:00,harlem,40.8116,-73.9465,0.4,-2.9,0.0,7.7,0.0,0.04,False,0.0,240
2025-02-03T05:00:00,harlem,40.8116,-73.9465,-0.3,-3.3,0.0,4.2,0.0,0.04,False,0.0,300
2025-02-03T06:00:00,harlem,40.8116,-73.9465,-2.0,-5.3,0.0,4.8,0.0,0.04,False,0.0,360
2025-02-03T07:00:00,harlem,40.8116,-73.9465,-1.9,-5.3,0.0,5.9,0.0,0.04,False,0.0,420
2025-02-03T08:00:00,harlem,40.8116,-73.9465,-2.8,-6.1,0.0,4.7,0.0,0.04,False,0.0,480
2025-02-03T09:00:00,harlem,40.8116,-73.9465,-2.1,-5.3,0.0,4.4,0.0,0.04,False,0.0,540
2025-02-03T10:00:00,harlem,40.8116,-73.9465,0.2,-3.0,0.0,5.0,0.0,0.04,False,0.0,600
2025-02-03T11:00:00,harlem,40.8116,-73.9465,1.3,-1.6,0.0,3.9,0.0,0.04,False,0.0,660
2025-02-03T12:00:00,harlem,40.8116,-73.9465,2.2,-0.4,0.0,2.2,0.0,0.04,False,0.0,720
2025-02-03T13:00:00,harlem,40.8116,-73.9465,4.1,1.4,0.0,3.7,0.0,0.03,False,0.0,780
2025-02-03T14:00:00,harlem,40.8116,-73.9465,4.7,1.7,0.0,6.3,0.0,0.03,False,0.0,840
2025-02-03T15:00:00,harlem,40.8116,-73.9465,5.1,1.9,0.0,8.7,0.0,0.03,False,0.0,900
2025-02-03T16:00:00,harlem,40.8116,-73.9465,5.6,2.5,0.0,8.6,0.0,0.03,False,0.0,960
2025-02-03T17:00:00,harlem,40.8116,-73.9465,5.2,2.3,0.0,7.7,0.0,0.03,False,0.0,1020
2025-02-03T18:00:00,harlem,40.8116,-73.9465,4.1,1.3,0.0,6.9,0.0,0.03,False,0.0,1080
2025-02-03T19:00:00,harlem,40.8116,-73.9465,2.4,-0.1,0.0,4.0,0.0,0.03,False,0.0,1140
2025-02-03T20:00:00,harlem,40.8116,-73.9465,3.2,0.2,0.0,7.6,0.0,0.03,False,0.0,1200
2025-02-03T21:00:00,harlem,40.8116,-73.9465,4.6,0.9,0.0,13.3,0.0,0.03,False,0.0,1260
2025-02-03T22:00:00,harlem,40.8116,-73.9465,5.0,1.2,0.0,14.4,0.0,0.03,False,0.0,1320
2025-02-03T23:00:00,harlem,40.8116,-73.9465,5.3,1.7,0.0,13.1,0.0,0.03,False,0.0,1380
2025-02-04T00:00:00,harlem,40.8116,-73.9465,4.8,1.4,0.5,12.1,0.0,0.03,True,0.0,0
2025-02-04T01:00:00,harlem,40.8116,-73.9465,4.6,1.1,0.0,12.6,0.0,0.03,False,0.5,60
2025-02-04T02:00:00,harlem,40.8116,-73.9465,4.8,1.1,0.0,14.1,0.0,0.03,False,0.5,120
2025-02-04T03:00:00,harlem,40.8116,-73.9465,4.9,1.5,0.0,13.0,0.0,0.03,False,0.5,180
2025-02-04T04:00:00,harlem,40.8116,-73.9465,4.8,1.7,0.0,10.6,0.0,0.03,False,0.0,240
2025-02-04T05:00:00,harlem,40.8116,-73.9465,4.6,1.4,0.0,10.5,0.0,0.03,False,0.0,300
2025-02-04T06:00:00,harlem,40.8116,-73.9465,5.3,1.6,0.0,13.4,0.0,0.02,False,0.0,360
2025-02-04T07:00:00,harlem,40.8116,-73.9465,4.8,1.0,0.0,13.5,0.0,0.02,False,0.0,420
2025-02-04T08:00:00,harlem,40.8116,-73.9465,3.2,-0.4,0.0,10.8,0.0,0.02,False,0.0,480
2025-02-04T09:00:00,harlem,40.8116,-73.9465,4.7,0.8,0.0,13.0,0.0,0.02,False,0.0,540
2025-02-04T10:00:00,harlem,40.8116,-73.9465,5.2,1.0,0.0,15.1,0.0,0.02,False,0.0,600
2025-02-04T11:00:00,harlem,40.8116,-73.9465,5.8,0.8,0.0,18.9,0.0,0.02,False,0.0,660
2025-02-04T12:00:00,harlem,40.8116,-73.9465,6.2,0.8,0.0,20.9,0.0,0.02,False,0.0,720
2025-02-04T13:00:00,harlem,40.8116,-73.9465,6.0,0.3,0.0,21.4,0.0,0.02,False,0.0,780
2025-02-04T14:00:00,harlem,40.8116,-73.9465,5.4,-0.4,0.0,21.4,0.0,0.02,False,0.0,840
2025-02-04T15:00:00,harlem,40.8116,-73.9465,5.1,-0.9,0.0,21.0,0.0,0.02,False,0.0,900
2025-02-04T16:00:00,harlem,40.8116,-73.9465,4.0,-2.3,0.0,23.1,0.0,0.02,False,0.0,960
2025-02-04T17:00:00,harlem,40.8116,-73.9465,2.7,-3.4,0.0,20.6,0.0,0.02,False,0.0,1020
2025-02-04T18:00:00,harlem,40.8116,-73.9465,2.0,-3.5,0.0,16.4,0.0,0.02,False,0.0,1080
2025-02-04T19:00:00,harlem,40.8116,-73.9465,0.5,-4.8,0.0,15.4,0.0,0.02,False,0.0,1140
2025-02-04T20:00:00,harlem,40.8116,-73.9465,-0.3,-5.7,0.0,15.2,0.0,0.02,False,0.0,1200
2025-02-04T21:00:00,harlem,40.8116,-73.9465,0.9,-4.3,0.0,14.8,0.0,0.02,False,0.0,1260
2025-02-04T22:00:00,harlem,40.8116,-73.9465,0.5,-4.8,0.0,15.3,0.0,0.02,False,0.0,1320
2025-02-04T23:00:00,harlem,40.8116,-73.9465,-0.4,-5.7,0.0,14.8,0.0,0.02,False,0.0,1380
2025-02-05T00:00:00,harlem,40.8116,-73.9465,-1.2,-6.6,0.0,15.4,0.0,0.02,False,0.0,1440
2025-02-05T01:00:00,harlem,40.8116,-73.9465,-2.2,-7.7,0.0,15.2,0.0,0.02,False,0.0,1500
2025-02-05T02:00:00,harlem,40.8116,-73.9465,-3.0,-8.1,0.0,12.0,0.0,0.02,False,0.0,1560
2025-02-05T03:00:00,harlem,40.8116,-73.9465,-3.3,-8.2,0.0,11.0,0.0,0.02,False,0.0,1620
2025-02-05T04:00:00,harlem,40.8116,-73.9465,-3.2,-7.8,0.0,9.2,0.0,0.02,False,0.0,1680
2025-02-05T05:00:00,harlem,40.8116,-73.9465,-2.9,-7.6,0.0,9.1,0.0,0.02,False,0.0,1740
2025-02-05T06:00:00,harlem,40.8116,-73.9465,-2.8,-7.6,0.0,9.1,0.0,0.02,False,0.0,1800
2025-02-05T07:00:00,harlem,40.8116,-73.9465,-3.0,-7.9,0.0,10.3,0.0,0.02,False,0.0,1860
2025-02-05T08:00:00,harlem,40.8116,-73.9465,-2.8,-7.8,0.0,10.6,0.0,0.02,False,0.0,1920
2025-02-05T09:00:00,harlem,40.8116,-73.9465,-2.5,-7.6,0.0,11.4,0.0,0.02,False,0.0,1980
2025-02-05T10:00:00,harlem,40.8116,-73.9465,-2.0,-7.0,0.0,10.4,0.0,0.02,False,0.0,2040
2025-02-05T11:00:00,harlem,40.8116,-73.9465,-1.2,-5.9,0.0,9.2,0.0,0.02,False,0.0,2100
2025-02-05T12:00:00,harlem,40.8116,-73.9465,-0.4,-4.8,0.0,7.5,0.0,0.02,False,0.0,2160
2025-02-05T13:00:00,harlem,40.8116,-73.9465,0.4,-3.9,0.0,6.6,0.0,0.02,False,0.0,2220
2025-02-05T14:00:00,harlem,40.8116,-73.9465,1.0,-3.1,0.0,6.2,0.0,0.02,False,0.0,2280
2025-02-05T15:00:00,harlem,40.8116,-73.9465,1.5,-2.7,0.0,5.5,0.0,0.02,False,0.0,2340
2025-02-05T16:00:00,harlem,40.8116,-73.9465,1.5,-2.5,0.0,4.5,0.0,0.02,False,0.0,2400
2025-02-05T17:00:00,harlem,40.8116,-73.9465,1.3,-2.6,0.0,3.2,0.0,0.02,False,0.0,2460
2025-02-05T18:00:00,harlem,40.8116,-73.9465,0.1,-3.4,0.0,2.7,0.0,0.02,False,0.0,2520
2025-02-05T19:00:00,harlem,40.8116,-73.9465,-1.2,-4.9,0.0,3.2,0.0,0.02,False,0.0,2580
2025-02-05T20:00:00,harlem,40.8116,-73.9465,-1.5,-5.1,0.0,3.8,0.0,0.02,False,0.0,2640
2025-02-05T21:00:00,harlem,40.8116,-73.9465,-1.5,-5.0,0.0,2.8,0.0,0.02,False,0.0,2700
2025-02-05T22:00:00,harlem,40.8116,-73.9465,-1.6,-5.2,0.0,3.8,0.0,0.02,False,0.0,2760
2025-02-05T23:00:00,harlem,40.8116,-73.9465,-1.8,-5.4,0.0,4.2,0.0,0.02,False,0.0,2820
2025-02-06T00:00:00,harlem,40.8116,-73.9465,-2.0,-5.9,0.0,6.0,0.0,0.02,False,0.0,2880
2025-02-06T01:00:00,harlem,40.8116,-73.9465,-1.6,-5.9,0.0,7.6,0.0,0.02,False,0.0,2940
2025-02-06T02:00:00,harlem,40.8116,-73.9465,-1.4,-5.6,0.1,8.1,0.07,0.02,False,0.0,3000
2025-02-06T03:00:00,harlem,40.8116,-73.9465,-1.1,-5.4,0.0,9.6,0.0,0.02,False,0.1,3060
2025-02-06T04:00:00,harlem,40.8116,-73.9465,-0.7,-5.1,0.0,10.8,0.0,0.02,False,0.1,3120
2025-02-06T05:00:00,harlem,40.8116,-73.9465,-0.3,-4.5,0.1,9.3,0.07,0.02,False,0.1,3180
2025-02-06T06:00:00,harlem,40.8116,-73.9465,-0.5,-4.3,1.3,8.7,0.91,0.02,True,0.1,0
2025-02-06T07:00:00,harlem,40.8116,-73.9465,-0.3,-4.2,1.4,9.9,0.98,0.03,True,1.4,0
2025-02-06T08:00:00,harlem,40.8116,-73.9465,-0.1,-4.1,2.0,12.5,1.33,0.04,True,2.8,0
2025-02-06T09:00:00,harlem,40.8116,-73.9465,-0.2,-4.4,0.9,12.4,0.14,0.04,True,4.7,0
2025-02-06T10:00:00,harlem,40.8116,-73.9465,0.8,-3.4,1.3,13.2,0.56,0.04,True,4.3,0
2025-02-06T11:00:00,harlem,40.8116,-73.9465,1.6,-1.8,0.7,9.1,0.0,0.04,True,4.2,0
2025-02-06T12:00:00,harlem,40.8116,-73.9465,2.2,-0.9,0.5,6.9,0.0,0.04,True,2.9,0
2025-02-06T13:00:00,harlem,40.8116,-73.9465,2.2,-0.3,0.4,3.5,0.0,0.04,True,2.5,0
2025-02-06T14:00:00,harlem,40.8116,-73.9465,2.2,-0.1,0.6,2.5,0.0,0.04,True,1.6,0
2025-02-06T15:00:00,harlem,40.8116,-73.9465,2.0,-0.0,0.3,1.4,0.0,0.04,True,1.5,0
2025-02-06T16:00:00,harlem,40.8116,-73.9465,2.8,0.7,0.0,2.7,0.0,0.04,False,1.3,60
2025-02-06T17:00:00,harlem,40.8116,-73.9465,3.0,0.6,0.0,4.3,0.0,0.04,False,0.9,120
2025-02-06T18:00:00,harlem,40.8116,-73.9465,3.0,-0.1,0.0,9.0,0.0,0.04,False,0.3,180
2025-02-06T19:00:00,harlem,40.8116,-73.9465,2.7,-0.5,0.0,9.1,0.0,0.04,False,0.0,240
2025-02-06T20:00:00,harlem,40.8116,-73.9465,2.2,-1.1,0.0,10.1,0.0,0.04,False,0.0,300
2025-02-06T21:00:00,harlem,40.8116,-73.9465,1.1,-2.6,0.0,11.7,0.0,0.04,False,0.0,360
2025-02-06T22:00:00,harlem,40.8116,-73.9465,1.0,-2.9,0.0,12.5,0.0,0.04,False,0.0,420
2025-02-06T23:00:00,harlem,40.8116,-73.9465,0.8,-3.1,0.0,11.8,0.0,0.04,False,0.0,480
2025-02-07T00:00:00,harlem,40.8116,-73.9465,0.8,-3.0,0.0,11.8,0.0,0.04,False,0.0,540
2025-02-07T01:00:00,harlem,40.8116,-73.9465,1.0,-2.7,0.0,11.7,0.0,0.04,False,0.0,600
2025-02-07T02:00:00,harlem,40.8116,-73.9465,1.6,-1.9,0.0,11.3,0.0,0.04,False,0.0,660
2025-02-07T03:00:00,harlem,40.8116,-73.9465,2.1,-1.6,0.0,13.4,0.0,0.04,False,0.0,720
2025-02-07T04:00:00,harlem,40.8116,-73.9465,2.5,-1.3,0.0,13.6,0.0,0.03,False,0.0,780
2025-02-07T05:00:00,harlem,40.8116,-73.9465,3.0,-0.9,0.0,15.2,0.0,0.03,False,0.0,840
2025-02-07T06:00:00,harlem,40.8116,-73.9465,2.5,-1.6,0.0,15.4,0.0,0.03,False,0.0,900
2025-02-07T07:00:00,harlem,40.8116,-73.9465,2.5,-2.4,0.0,18.6,0.0,0.03,False,0.0,960
2025-02-07T08:00:00,harlem,40.8116,-73.9465,2.3,-2.7,0.0,17.3,0.0,0.03,False,0.0,1020
2025-02-07T09:00:00,harlem,40.8116,-73.9465,3.0,-1.6,0.0,15.4,0.0,0.03,False,0.0,1080
2025-02-07T10:00:00,harlem,40.8116,-73.9465,4.4,-0.6,0.0,16.4,0.0,0.03,False,0.0,1140
2025-02-07T11:00:00,harlem,40.8116,-73.9465,4.8,-0.4,0.0,17.3,0.0,0.03,False,0.0,1200
2025-02-07T12:00:00,harlem,40.8116,-73.9465,4.1,-2.8,0.0,25.8,0.0,0.03,False,0.0,1260
2025-02-07T13:00:00,harlem,40.8116,-73.9465,2.7,-4.5,0.0,27.0,0.0,0.03,False,0.0,1320
2025-02-07T14:00:00,harlem,40.8116,-73.9465,2.3,-4.0,0.0,22.1,0.0,0.03,False,0.0,1380
2025-02-07T15:00:00,harlem,40.8116,-73.9465,1.6,-4.6,0.0,20.9,0.0,0.03,False,0.0,1440
2025-02-07T16:00:00,harlem,40.8116,-73.9465,0.7,-5.5,0.0,20.3,0.0,0.03,False,0.0,1500
2025-02-07T17:00:00,harlem,40.8116,-73.9465,0.0,-6.2,0.0,19.3,0.0,0.03,False,0.0,1560
2025-02-07T18:00:00,harlem,40.8116,-73.9465,-0.8,-6.1,0.0,13.8,0.0,0.03,False,0.0,1620
2025-02-07T19:00:00,harlem,40.8116,-73.9465,-1.5,-6.4,0.0,10.9,0.0,0.03,False,0.0,1680
2025-02-07T20:00:00,harlem,40.8116,-73.9465,-1.8,-6.6,0.0,10.6,0.0,0.03,False,0.0,1740
2025-02-07T21:00:00,harlem,40.8116,-73.9465,-1.1,-5.8,0.0,9.7,0.0,0.03,False,0.0,1800
2025-02-07T22:00:00,harlem,40.8116,-73.9465,-1.8,-6.1,0.0,7.6,0.0,0.03,False,0.0,1860
2025-02-07T23:00:00,harlem,40.8116,-73.9465,-2.2,-6.5,0.0,6.9,0.0,0.03,False,0.0,1920
2025-02-08T00:00:00,harlem,40.8116,-73.9465,-2.5,-6.8,0.0,7.1,0.0,0.03,False,0.0,1980
2025-02-08T01:00:00,harlem,40.8116,-73.9465,-2.8,-7.0,0.0,6.6,0.0,0.03,False,0.0,2040
2025-02-08T02:00:00,harlem,40.8116,-73.9465,-2.9,-7.3,0.0,7.3,0.0,0.03,False,0.0,2100
2025-02-08T03:00:00,harlem,40.8116,-73.9465,-3.2,-7.9,0.0,8.8,0.0,0.03,False,0.0,2160
2025-02-08T04:00:00,harlem,40.8116,-73.9465,-3.6,-8.5,0.0,9.3,0.0,0.03,False,0.0,2220
2025-02-08T05:00:00,harlem,40.8116,-73.9465,-4.0,-8.9,0.0,9.9,0.0,0.03,False,0.0,2280
2025-02-08T06:00:00,harlem,40.8116,-73.9465,-4.3,-9.2,0.0,9.2,0.0,0.03,False,0.0,2340
2025-02-08T07:00:00,harlem,40.8116,-73.9465,-4.4,-8.8,0.0,6.0,0.0,0.03,False,0.0,2400
2025-02-08T08:00:00,harlem,40.8116,-73.9465,-4.5,-8.6,0.0,4.1,0.0,0.03,False,0.0,2460
2025-02-08T09:00:00,harlem,40.8116,-73.9465,-3.5,-7.6,0.0,4.7,0.0,0.03,False,0.0,2520
2025-02-08T10:00:00,harlem,40.8116,-73.9465,-2.6,-6.6,0.0,4.4,0.0,0.03,False,0.0,2580
2025-02-08T11:00:00,harlem,40.8116,-73.9465,-1.5,-5.3,0.0,3.8,0.0,0.03,False,0.0,2640
2025-02-08T12:00:00,harlem,40.8116,-73.9465,-0.3,-3.9,0.0,2.0,0.0,0.03,False,0.0,2700
2025-02-08T13:00:00,harlem,40.8116,-73.9465,0.4,-3.2,0.0,3.2,0.0,0.03,False,0.0,2760
2025-02-08T14:00:00,harlem,40.8116,-73.9465,0.9,-2.9,0.0,4.7,0.0,0.03,False,0.0,2820
2025-02-08T15:00:00,harlem,40.8116,-73.9465,0.9,-3.3,0.0,7.0,0.0,0.03,False,0.0,2880
2025-02-08T16:00:00,harlem,40.8116,-73.9465,0.6,-3.5,0.0,7.1,0.0,0.03,False,0.0,2940
2025-02-08T17:00:00,harlem,40.8116,-73.9465,0.1,-3.9,0.0,6.1,0.0,0.03,False,0.0,3000
2025-02-08T18:00:00,harlem,40.8116,-73.9465,-0.5,-4.6,0.0,7.0,0.0,0.03,False,0.0,3060
2025-02-08T19:00:00,harlem,40.8116,-73.9465,-0.8,-4.8,0.0,7.4,0.0,0.03,False,0.0,3120
2025-02-08T20:00:00,harlem,40.8116,-73.9465,-0.7,-4.7,0.0,7.5,0.0,0.03,False,0.0,3180
2025-02-08T21:00:00,harlem,40.8116,-73.9465,-0.4,-3.9,0.1,4.7,0.07,0.03,False,0.0,3240
2025-02-08T22:00:00,harlem,40.8116,-73.9465,-1.2,-5.1,2.1,9.0,1.47,0.03,True,0.1,0
2025-02-08T23:00:00,harlem,40.8116,-73.9465,-1.1,-4.6,3.7,7.2,2.59,0.04,True,2.2,0
2025-02-09T00:00:00,harlem,40.8116,-73.9465,-1.1,-4.6,2.6,8.1,1.54,0.06,True,5.9,0
2025-02-09T01:00:00,harlem,40.8116,-73.9465,-0.9,-4.8,1.9,10.6,1.12,0.07,True,8.4,0
2025-02-09T02:00:00,harlem,40.8116,-73.9465,-0.6,-4.2,0.9,9.6,0.07,0.08,True,8.2,0
2025-02-09T03:00:00,harlem,40.8116,-73.9465,-0.1,-3.4,0.3,7.6,0.0,0.09,True,5.4,0
2025-02-09T04:00:00,harlem,40.8116,-73.9465,0.3,-2.9,0.2,7.0,0.0,0.09,True,3.1,0
2025-02-09T05:00:00,harlem,40.8116,-73.9465,0.3,-2.3,0.0,3.6,0.0,0.09,False,1.4,60
2025-02-09T06:00:00,harlem,40.8116,-73.9465,0.2,-3.0,0.2,7.0,0.0,0.09,True,0.5,0
2025-02-09T07:00:00,harlem,40.8116,-73.9465,0.2,-2.9,0.2,6.2,0.0,0.1,True,0.4,0
2025-02-09T08:00:00,harlem,40.8116,-73.9465,0.2,-3.0,0.1,7.4,0.0,0.1,False,0.4,60
2025-02-09T09:00:00,harlem,40.8116,-73.9465,-0.3,-3.6,0.0,7.2,0.0,0.1,False,0.5,120
2025-02-09T10:00:00,harlem,40.8116,-73.9465,0.3,-3.4,0.0,9.8,0.0,0.1,False,0.3,180
2025-02-09T11:00:00,harlem,40.8116,-73.9465,0.4,-3.5,0.0,11.0,0.0,0.1,False,0.1,240
2025-02-09T12:00:00,harlem,40.8116,-73.9465,0.9,-3.1,0.0,11.2,0.0,0.1,False,0.0,300
2025-02-09T13:00:00,harlem,40.8116,-73.9465,1.2,-3.0,0.0,12.0,0.0,0.09,False,0.0,360
2025-02-09T14:00:00,harlem,40.8116,-73.9465,1.2,-3.1,0.0,12.2,0.0,0.09,False,0.0,420
2025-02-09T15:00:00,harlem,40.8116,-73.9465,1.3,-2.9,0.0,11.8,0.0,0.09,False,0.0,480
2025-02-09T16:00:00,harlem,40.8116,-73.9465,1.1,-3.0,0.0,11.3,0.0,0.09,False,0.0,540
2025-02-09T17:00:00,harlem,40.8116,-73.9465,0.6,-3.5,0.0,10.4,0.0,0.09,False,0.0,600
2025-02-09T18:00:00,harlem,40.8116,-73.9465,-0.4,-4.4,0.0,8.8,0.0,0.09,False,0.0,660
2025-02-09T19:00:00,harlem,40.8116,-73.9465,-1.7,-5.3,0.0,5.9,0.0,0.09,False,0.0,720
2025-02-09T20:00:00,harlem,40.8116,-73.9465,-1.0,-4.4,0.0,4.9,0.0,0.09,False,0.0,780
2025-02-09T21:00:00,harlem,40.8116,-73.9465,-0.7,-3.9,0.0,4.4,0.0,0.09,False,0.0,840
2025-02-09T22:00:00,harlem,40.8116,-73.9465,-0.4,-3.7,0.0,5.2,0.0,0.09,False,0.0,900
2025-02-09T23:00:00,harlem,40.8116,-73.9465,-0.5,-4.3,0.0,8.4,0.0,0.09,False,0.0,960
2025-02-10T00:00:00,harlem,40.8116,-73.9465,-0.9,-5.0,0.0,8.8,0.0,0.09,False,0.0,1020
2025-02-10T01:00:00,harlem,40.8116,-73.9465,-1.8,-5.7,0.0,7.7,0.0,0.09,False,0.0,1080
2025-02-10T02:00:00,harlem,40.8116,-73.9465,-2.0,-6.3,0.0,9.5,0.0,0.09,False,0.0,1140
2025-02-10T03:00:00,harlem,40.8116,-73.9465,-1.5,-5.6,0.0,8.9,0.0,0.09,False,0.0,1200
2025-02-10T04:00:00,harlem,40.8116,-73.9465,-1.9,-6.0,0.0,9.9,0.0,0.09,False,0.0,1260
2025-02-10T05:00:00,harlem,40.8116,-73.9465,-2.5,-6.9,0.0,11.5,0.0,0.09,False,0.0,1320
2025-02-10T06:00:00,harlem,40.8116,-73.9465,-3.7,-8.1,0.0,10.0,0.0,0.09,False,0.0,1380
2025-02-10T07:00:00,harlem,40.8116,-73.9465,-4.3,-8.6,0.0,8.4,0.0,0.09,False,0.0,1440
2025-02-10T08:00:00,harlem,40.8116,-73.9465,-5.1,-9.3,0.0,7.8,0.0,0.09,False,0.0,1500
2025-02-10T09:00:00,harlem,40.8116,-73.9465,-3.7,-7.8,0.0,7.0,0.0,0.09,False,0.0,1560
2025-02-10T10:00:00,harlem,40.8116,-73.9465,-2.5,-6.6,0.0,7.3,0.0,0.09,False,0.0,1620
2025-02-10T11:00:00,harlem,40.8116,-73.9465,-1.5,-5.2,0.0,5.2,0.0,0.09,False,0.0,1680
2025-02-10T12:00:00,harlem,40.8116,-73.9465,-0.3,-4.1,0.0,5.7,0.0,0.09,False,0.0,1740
2025-02-10T13:00:00,harlem,40.8116,-73.9465,0.2,-4.6,0.0,12.8,0.0,0.09,False,0.0,1800
2025-02-10T14:00:00,harlem,40.8116,-73.9465,0.2,-4.5,0.0,13.3,0.0,0.09,False,0.0,1860
2025-02-10T15:00:00,harlem,40.8116,-73.9465,0.3,-4.2,0.0,11.8,0.0,0.09,False,0.0,1920
2025-02-10T16:00:00,harlem,40.8116,-73.9465,0.1,-4.2,0.0,9.3,0.0,0.09,False,0.0,1980
2025-02-10T17:00:00,harlem,40.8116,-73.9465,-0.5,-4.3,0.0,6.2,0.0,0.08,False,0.0,2040
2025-02-10T18:00:00,harlem,40.8116,-73.9465,-2.7,-6.6,0.0,6.2,0.0,0.08,False,0.0,2100
2025-02-10T19:00:00,harlem,40.8116,-73.9465,-3.7,-7.8,0.0,7.2,0.0,0.08,False,0.0,2160
2025-02-10T20:00:00,harlem,40.8116,-73.9465,-4.2,-8.5,0.0,8.0,0.0,0.08,False,0.0,2220
2025-02-10T21:00:00,harlem,40.8116,-73.9465,-3.6,-8.0,0.0,8.7,0.0,0.08,False,0.0,2280
2025-02-10T22:00:00,harlem,40.8116,-73.9465,-4.4,-8.8,0.0,8.4,0.0,0.08,False,0.0,2340
2025-02-10T23:00:00,harlem,40.8116,-73.9465,-5.3,-9.6,0.0,6.8,0.0,0.08,False,0.0,2400
2025-02-11T00:00:00,harlem,40.8116,-73.9465,-6.9,-11.1,0.0,5.8,0.0,0.08,False,0.0,2460
2025-02-11T01:00:00,harlem,40.8116,-73.9465,-7.8,-11.8,0.0,4.5,0.0,0.08,False,0.0,2520
2025-02-11T02:00:00,harlem,40.8116,-73.9465,-8.1,-11.8,0.0,2.3,0.0,0.08,False,0.0,2580
2025-02-11T03:00:00,harlem,40.8116,-73.9465,-8.5,-12.1,0.0,1.5,0.0,0.08,False,0.0,2640
2025-02-11T04:00:00,harlem,40.8116,-73.9465,-9.2,-13.0,0.0,1.8,0.0,0.08,False,0.0,2700
2025-02-11T05:00:00,harlem,40.8116,-73.9465,-9.6,-13.4,0.0,2.2,0.0,0.08,False,0.0,2760
2025-02-11T06:00:00,harlem,40.8116,-73.9465,-9.7,-13.5,0.0,2.2,0.0,0.08,False,0.0,2820
2025-02-11T07:00:00,harlem,40.8116,-73.9465,-9.4,-13.2,0.0,1.9,0.0,0.08,False,0.0,2880
2025-02-11T08:00:00,harlem,40.8116,-73.9465,-8.9,-12.5,0.0,1.5,0.0,0.08,False,0.0,2940
2025-02-11T09:00:00,harlem,40.8116,-73.9465,-6.9,-10.4,0.0,1.4,0.0,0.08,False,0.0,3000
2025-02-11T10:00:00,harlem,40.8116,-73.9465,-4.9,-8.5,0.0,2.7,0.0,0.08,False,0.0,3060
2025-02-11T11:00:00,harlem,40.8116,-73.9465,-3.3,-6.7,0.0,1.9,0.0,0.08,False,0.0,3120
2025-02-11T12:00:00,harlem,40.8116,-73.9465,-2.1,-5.4,0.0,1.6,0.0,0.08,False,0.0,3180
2025-02-11T13:00:00,harlem,40.8116,-73.9465,-1.2,-4.7,0.0,2.6,0.0,0.08,False,0.0,3240
2025-02-11T14:00:00,harlem,40.8116,-73.9465,-0.6,-4.2,0.0,3.9,0.0,0.08,False,0.0,3300
2025-02-11T15:00:00,harlem,40.8116,-73.9465,-0.3,-4.0,0.0,5.2,0.0,0.08,False,0.0,3360
2025-02-11T16:00:00,harlem,40.8116,-73.9465,-0.2,-3.9,0.0,5.1,0.0,0.08,False,0.0,3420
2025-02-11T17:00:00,harlem,40.8116,-73.9465,-0.2,-3.2,0.0,1.9,0.0,0.08,False,0.0,3480
2025-02-11T18:00:00,harlem,40.8116,-73.9465,-0.9,-3.8,0.0,1.9,0.0,0.08,False,0.0,3540
2025-02-11T19:00:00,harlem,40.8116,-73.9465,-1.4,-4.3,0.1,2.1,0.07,0.08,False,0.0,3600
2025-02-11T20:00:00,harlem,40.8116,-73.9465,-1.5,-4.3,0.1,1.5,0.07,0.08,False,0.1,3660
2025-02-11T21:00:00,harlem,40.8116,-73.9465,-1.1,-4.1,0.2,2.7,0.14,0.08,True,0.2,0
2025-02-11T22:00:00,harlem,40.8116,-73.9465,-1.3,-4.0,0.4,0.9,0.28,0.08,True,0.4,0
2025-02-11T23:00:00,harlem,40.8116,-73.9465,-1.4,-4.3,0.4,2.8,0.28,0.09,True,0.7,0
2025-02-12T00:00:00,harlem,40.8116,-73.9465,-1.4,-4.6,0.7,5.2,0.49,0.09,True,1.0,0
2025-02-12T01:00:00,harlem,40.8116,-73.9465,-1.5,-5.0,0.7,6.9,0.49,0.09,True,1.5,0
2025-02-12T02:00:00,harlem,40.8116,-73.9465,-1.6,-5.1,0.7,7.0,0.49,0.1,True,1.8,0
2025-02-12T03:00:00,harlem,40.8116,-73.9465,-1.5,-5.1,0.8,7.5,0.56,0.1,True,2.1,0
2025-02-12T04:00:00,harlem,40.8116,-73.9465,-1.5,-5.4,0.5,9.9,0.35,0.1,True,2.2,0
2025-02-12T05:00:00,harlem,40.8116,-73.9465,-1.4,-5.3,0.3,10.2,0.21,0.1,True,2.0,0
2025-02-12T06:00:00,harlem,40.8116,-73.9465,-1.2,-5.2,0.0,10.2,0.0,0.11,False,1.6,60
2025-02-12T07:00:00,harlem,40.8116,-73.9465,-1.3,-5.4,0.0,11.4,0.0,0.11,False,0.8,120
2025-02-12T08:00:00,harlem,40.8116,-73.9465,-1.1,-5.1,0.0,10.7,0.0,0.11,False,0.3,180
2025-02-12T09:00:00,harlem,40.8116,-73.9465,-0.6,-4.5,0.0,10.1,0.0,0.11,False,0.0,240
2025-02-12T10:00:00,harlem,40.8116,-73.9465,-0.2,-4.0,0.0,9.9,0.0,0.11,False,0.0,300
2025-02-12T11:00:00,harlem,40.8116,-73.9465,0.2,-3.7,0.0,10.1,0.0,0.1,False,0.0,360
2025-02-12T12:00:00,harlem,40.8116,-73.9465,0.3,-3.8,0.0,11.7,0.0,0.1,False,0.0,420
2025-02-12T13:00:00,harlem,40.8116,-73.9465,0.0,-4.5,0.0,13.9,0.0,0.1,False,0.0,480
2025-02-12T14:00:00,harlem,40.8116,-73.9465,-0.1,-4.6,0.0,13.7,0.0,0.1,False,0.0,540
2025-02-12T15:00:00,harlem,40.8116,-73.9465,0.1,-4.2,0.0,11.8,0.0,0.1,False,0.0,600
2025-02-12T16:00:00,harlem,40.8116,-73.9465,0.1,-4.2,0.0,11.7,0.0,0.1,False,0.0,660
2025-02-12T17:00:00,harlem,40.8116,-73.9465,0.1,-4.2,0.0,12.0,0.0,0.1,False,0.0,720
2025-02-12T18:00:00,harlem,40.8116,-73.9465,0.1,-4.0,0.0,11.0,0.0,0.1,False,0.0,780
2025-02-12T19:00:00,harlem,40.8116,-73.9465,0.3,-3.7,0.0,11.6,0.0,0.1,False,0.0,840
2025-02-12T20:00:00,harlem,40.8116,-73.9465,0.7,-3.6,0.1,12.9,0.07,0.1,False,0.0,900
2025-02-12T21:00:00,harlem,40.8116,-73.9465,0.6,-3.7,0.2,13.4,0.14,0.1,True,0.1,0
2025-02-12T22:00:00,harlem,40.8116,-73.9465,0.8,-3.5,0.3,13.6,0.21,0.11,True,0.3,0
2025-02-12T23:00:00,harlem,40.8116,-73.9465,0.8,-3.5,0.3,13.7,0.21,0.11,True,0.6,0
2025-02-13T00:00:00,harlem,40.8116,-73.9465,0.9,-3.1,0.2,12.5,0.07,0.11,True,0.8,0
2025-02-13T01:00:00,harlem,40.8116,-73.9465,1.1,-2.6,0.4,11.2,0.0,0.11,True,0.8,0
2025-02-13T02:00:00,harlem,40.8116,-73.9465,1.8,-2.2,0.5,13.3,0.0,0.11,True,0.9,0
2025-02-13T03:00:00,harlem,40.8116,-73.9465,2.3,-1.5,0.4,13.5,0.0,0.11,True,1.1,0
2025-02-13T04:00:00,harlem,40.8116,-73.9465,2.6,-1.1,0.8,12.5,0.0,0.1,True,1.3,0
2025-02-13T05:00:00,harlem,40.8116,-73.9465,2.5,-1.1,1.1,12.6,0.0,0.1,True,1.7,0
2025-02-13T06:00:00,harlem,40.8116,-73.9465,2.5,-0.7,0.9,9.6,0.0,0.1,True,2.3,0
2025-02-13T07:00:00,harlem,40.8116,-73.9465,2.5,-0.8,0.5,10.0,0.0,0.1,True,2.8,0
2025-02-13T08:00:00,harlem,40.8116,-73.9465,2.5,-0.4,0.6,8.0,0.0,0.1,True,2.5,0
2025-02-13T09:00:00,harlem,40.8116,-73.9465,2.0,-1.5,0.2,10.7,0.0,0.09,True,2.0,0
2025-02-13T10:00:00,harlem,40.8116,-73.9465,2.2,-0.7,0.0,7.0,0.0,0.09,False,1.3,60
2025-02-13T11:00:00,harlem,40.8116,-73.9465,2.4,0.1,0.1,3.6,0.0,0.09,False,0.8,120
2025-02-13T12:00:00,harlem,40.8116,-73.9465,3.2,1.5,0.1,0.7,0.0,0.09,False,0.3,180
2025-02-13T13:00:00,harlem,40.8116,-73.9465,3.8,1.4,0.0,6.7,0.0,0.08,False,0.2,240
2025-02-13T14:00:00,harlem,40.8116,-73.9465,4.4,1.3,0.0,11.8,0.0,0.08,False,0.2,300
2025-02-13T15:00:00,harlem,40.8116,-73.9465,4.6,1.3,0.0,12.4,0.0,0.07,False,0.1,360
2025-02-13T16:00:00,harlem,40.8116,-73.9465,5.4,1.9,0.0,14.5,0.0,0.07,False,0.0,420
2025-02-13T17:00:00,harlem,40.8116,-73.9465,6.0,2.1,0.0,16.6,0.0,0.07,False,0.0,480
2025-02-13T18:00:00,harlem,40.8116,-73.9465,6.6,2.6,0.0,16.6,0.0,0.06,False,0.0,540
2025-02-13T19:00:00,harlem,40.8116,-73.9465,5.9,1.4,0.0,19.0,0.0,0.06,False,0.0,600
2025-02-13T20:00:00,harlem,40.8116,-73.9465,4.8,-0.0,0.0,18.4,0.0,0.06,False,0.0,660
2025-02-13T21:00:00,harlem,40.8116,-73.9465,4.1,-0.4,0.0,15.1,0.0,0.06,False,0.0,720
2025-02-13T22:00:00,harlem,40.8116,-73.9465,3.4,-2.2,0.0,20.8,0.0,0.06,False,0.0,780
2025-02-13T23:00:00,harlem,40.8116,-73.9465,1.9,-3.4,0.0,17.7,0.0,0.06,False,0.0,840
2025-02-14T00:00:00,harlem,40.8116,-73.9465,0.6,-5.2,0.0,19.8,0.0,0.06,False,0.0,900
2025-02-14T01:00:00,harlem,40.8116,-73.9465,-0.5,-6.4,0.0,20.1,0.0,0.06,False,0.0,960
2025-02-14T02:00:00,harlem,40.8116,-73.9465,-0.9,-6.7,0.0,19.0,0.0,0.06,False,0.0,1020
2025-02-14T03:00:00,harlem,40.8116,-73.9465,-1.2,-6.9,0.0,18.1,0.0,0.06,False,0.0,1080
2025-02-14T04:00:00,harlem,40.8116,-73.9465,-1.7,-7.2,0.0,16.2,0.0,0.06,False,0.0,1140
2025-02-14T05:00:00,harlem,40.8116,-73.9465,-2.2,-7.5,0.0,15.0,0.0,0.06,False,0.0,1200
2025-02-14T06:00:00,harlem,40.8116,-73.9465,-2.5,-7.9,0.0,14.3,0.0,0.06,False,0.0,1260
2025-02-14T07:00:00,harlem,40.8116,-73.9465,-2.5,-8.0,0.0,15.6,0.0,0.06,False,0.0,1320
2025-02-14T08:00:00,harlem,40.8116,-73.9465,-2.5,-8.0,0.0,16.6,0.0,0.06,False,0.0,1380
2025-02-14T09:00:00,harlem,40.8116,-73.9465,-0.8,-6.5,0.0,16.0,0.0,0.06,False,0.0,1440
2025-02-14T10:00:00,harlem,40.8116,-73.9465,-0.2,-5.6,0.0,14.5,0.0,0.06,False,0.0,1500
2025-02-14T11:00:00,harlem,40.8116,-73.9465,0.2,-5.6,0.0,16.8,0.0,0.06,False,0.0,1560
2025-02-14T12:00:00,harlem,40.8116,-73.9465,0.4,-5.6,0.0,18.8,0.0,0.06,False,0.0,1620
2025-02-14T13:00:00,harlem,40.8116,-73.9465,0.9,-5.1,0.0,20.8,0.0,0.06,False,0.0,1680
2025-02-14T14:00:00,harlem,40.8116,-73.9465,0.9,-4.7,0.0,17.6,0.0,0.06,False,0.0,1740
2025-02-14T15:00:00,harlem,40.8116,-73.9465,0.7,-4.9,0.0,17.4,0.0,0.05,False,0.0,1800
2025-02-14T16:00:00,harlem,40.8116,-73.9465,0.2,-5.2,0.0,15.3,0.0,0.05,False,0.0,1860
2025-02-14T17:00:00,harlem,40.8116,-73.9465,-0.4,-6.0,0.0,15.5,0.0,0.05,False,0.0,1920
2025-02-14T18:00:00,harlem,40.8116,-73.9465,-1.4,-6.3,0.0,11.8,0.0,0.05,False,0.0,1980
2025-02-14T19:00:00,harlem,40.8116,-73.9465,-2.3,-7.0,0.0,9.4,0.0,0.05,False,0.0,2040
2025-02-14T20:00:00,harlem,40.8116,-73.9465,-3.0,-7.3,0.0,7.3,0.0,0.05,False,0.0,2100
2025-02-14T21:00:00,harlem,40.8116,-73.9465,-2.5,-6.4,0.0,4.9,0.0,0.05,False,0.0,2160
2025-02-14T22:00:00,harlem,40.8116,-73.9465,-2.3,-6.8,0.0,7.9,0.0,0.05,False,0.0,2220
2025-02-14T23:00:00,harlem,40.8116,-73.9465,-2.7,-7.1,0.0,6.6,0.0,0.05,False,0.0,2280
2025-02-15T00:00:00,harlem,40.8116,-73.9465,-2.7,-7.0,0.0,6.2,0.0,0.05,False,0.0,2340
2025-02-15T01:00:00,harlem,40.8116,-73.9465,-2.8,-7.0,0.0,5.6,0.0,0.05,False,0.0,2400
2025-02-15T02:00:00,harlem,40.8116,-73.9465,-2.9,-7.1,0.0,5.2,0.0,0.05,False,0.0,2460
2025-02-15T03:00:00,harlem,40.8116,-73.9465,-3.2,-7.2,0.0,4.4,0.0,0.05,False,0.0,2520
2025-02-15T04:00:00,harlem,40.8116,-73.9465,-3.5,-7.2,0.0,2.3,0.0,0.05,False,0.0,2580
2025-02-15T05:00:00,harlem,40.8116,-73.9465,-3.5,-7.3,0.0,2.9,0.0,0.05,False,0.0,2640
2025-02-15T06:00:00,harlem,40.8116,-73.9465,-4.0,-7.8,0.0,3.0,0.0,0.05,False,0.0,2700
2025-02-15T07:00:00,harlem,40.8116,-73.9465,-4.1,-7.8,0.0,2.8,0.0,0.05,False,0.0,2760
2025-02-15T08:00:00,harlem,40.8116,-73.9465,-4.4,-8.2,0.0,2.9,0.0,0.05,False,0.0,2820
2025-02-15T09:00:00,harlem,40.8116,-73.9465,-2.5,-6.7,0.0,5.5,0.0,0.05,False,0.0,2880
2025-02-15T10:00:00,harlem,40.8116,-73.9465,-1.2,-5.5,0.0,6.2,0.0,0.05,False,0.0,2940
2025-02-15T11:00:00,harlem,40.8116,-73.9465,0.1,-4.3,0.0,7.6,0.0,0.05,False,0.0,3000
2025-02-15T12:00:00,harlem,40.8116,-73.9465,0.3,-4.2,0.0,10.2,0.0,0.05,False,0.0,3060
2025-02-15T13:00:00,harlem,40.8116,-73.9465,1.1,-3.5,0.0,11.9,0.0,0.05,False,0.0,3120
2025-02-15T14:00:00,harlem,40.8116,-73.9465,1.6,-2.9,0.0,11.4,0.0,0.05,False,0.0,3180
2025-02-15T15:00:00,harlem,40.8116,-73.9465,1.1,-3.2,0.2,11.6,0.14,0.05,True,0.0,0
2025-02-15T16:00:00,harlem,40.8116,-73.9465,1.0,-2.7,0.6,8.7,0.42,0.05,True,0.2,0
2025-02-15T17:00:00,harlem,40.8116,-73.9465,0.8,-2.8,0.6,9.2,0.42,0.06,True,0.8,0
2025-02-15T18:00:00,harlem,40.8116,-73.9465,0.8,-2.9,0.6,9.8,0.42,0.06,True,1.4,0
2025-02-15T19:00:00,harlem,40.8116,-73.9465,0.7,-3.0,0.6,10.7,0.42,0.07,True,1.8,0
2025-02-15T20:00:00,harlem,40.8116,-73.9465,0.8,-2.7,0.6,9.0,0.35,0.07,True,1.8,0
2025-02-15T21:00:00,harlem,40.8116,-73.9465,0.4,-2.9,0.9,7.9,0.21,0.08,True,1.8,0
2025-02-15T22:00:00,harlem,40.8116,-73.9465,0.6,-3.2,1.1,10.8,0.0,0.08,True,2.1,0
2025-02-15T23:00:00,harlem,40.8116,-73.9465,0.9,-2.7,1.4,10.1,0.0,0.08,True,2.6,0
2025-02-16T00:00:00,harlem,40.8116,-73.9465,1.1,-2.7,1.6,11.9,0.0,0.08,True,3.4,0
2025-02-16T01:00:00,harlem,40.8116,-73.9465,1.4,-2.3,1.0,11.5,0.0,0.08,True,4.1,0
2025-02-16T02:00:00,harlem,40.8116,-73.9465,1.7,-1.9,0.7,11.1,0.0,0.08,True,4.0,0
2025-02-16T03:00:00,harlem,40.8116,-73.9465,2.0,-1.3,0.4,9.3,0.0,0.08,True,3.3,0
2025-02-16T04:00:00,harlem,40.8116,-73.9465,1.8,-1.5,2.0,9.0,0.0,0.08,True,2.1,0
2025-02-16T05:00:00,harlem,40.8116,-73.9465,1.8,-1.5,0.3,9.5,0.0,0.08,True,3.1,0
2025-02-16T06:00:00,harlem,40.8116,-73.9465,1.8,-1.7,1.4,10.9,0.0,0.08,True,2.7,0
2025-02-16T07:00:00,harlem,40.8116,-73.9465,2.0,-1.9,0.8,13.4,0.0,0.07,True,3.7,0
2025-02-16T08:00:00,harlem,40.8116,-73.9465,1.9,-2.0,2.3,13.7,0.0,0.07,True,2.5,0
2025-02-16T09:00:00,harlem,40.8116,-73.9465,0.7,-3.6,2.1,15.4,0.0,0.07,True,4.5,0
2025-02-16T10:00:00,harlem,40.8116,-73.9465,1.0,-3.4,0.2,16.1,0.0,0.07,True,5.2,0
2025-02-16T11:00:00,harlem,40.8116,-73.9465,2.0,-2.1,0.3,15.2,0.0,0.07,True,4.6,0
2025-02-16T12:00:00,harlem,40.8116,-73.9465,3.3,0.0,0.4,11.6,0.0,0.07,True,2.6,0
2025-02-16T13:00:00,harlem,40.8116,-73.9465,4.2,1.7,1.1,7.0,0.0,0.06,True,0.9,0
2025-02-16T14:00:00,harlem,40.8116,-73.9465,4.8,2.0,3.2,10.3,0.0,0.06,True,1.8,0
2025-02-16T15:00:00,harlem,40.8116,-73.9465,3.9,0.5,5.8,12.7,0.0,0.06,True,4.7,0
2025-02-16T16:00:00,harlem,40.8116,-73.9465,4.2,1.8,0.3,6.3,0.0,0.06,True,10.1,0
2025-02-16T17:00:00,harlem,40.8116,-73.9465,4.6,2.3,0.1,5.8,0.0,0.05,False,9.3,60
2025-02-16T18:00:00,harlem,40.8116,-73.9465,3.5,1.4,1.4,4.3,0.0,0.04,True,6.2,0
2025-02-16T19:00:00,harlem,40.8116,-73.9465,5.0,2.0,0.9,11.7,0.0,0.04,True,1.8,0
2025-02-16T20:00:00,harlem,40.8116,-73.9465,7.8,2.5,0.1,29.3,0.0,0.03,False,2.4,60
2025-02-16T21:00:00,harlem,40.8116,-73.9465,5.2,-0.1,0.0,25.5,0.0,0.03,False,2.4,120
2025-02-16T22:00:00,harlem,40.8116,-73.9465,4.8,-0.3,0.0,23.0,0.0,0.03,False,1.0,180
2025-02-16T23:00:00,harlem,40.8116,-73.9465,3.9,-1.8,0.1,23.6,0.0,0.03,False,0.1,240
2025-02-17T00:00:00,harlem,40.8116,-73.9465,2.0,-3.3,0.0,19.0,0.0,0.03,False,0.1,300
2025-02-17T01:00:00,harlem,40.8116,-73.9465,0.6,-5.5,0.0,22.4,0.0,0.03,False,0.1,360
2025-02-17T02:00:00,harlem,40.8116,-73.9465,-0.6,-6.6,0.0,20.8,0.0,0.03,False,0.1,420
2025-02-17T03:00:00,harlem,40.8116,-73.9465,-1.8,-7.7,0.0,19.4,0.0,0.03,False,0.0,480
2025-02-17T04:00:00,harlem,40.8116,-73.9465,-2.0,-7.4,0.0,15.7,0.0,0.03,False,0.0,540
2025-02-17T05:00:00,harlem,40.8116,-73.9465,-2.0,-8.2,0.0,21.4,0.0,0.03,False,0.0,600
2025-02-17T06:00:00,harlem,40.8116,-73.9465,-2.7,-9.0,0.0,20.8,0.0,0.03,False,0.0,660
2025-02-17T07:00:00,harlem,40.8116,-73.9465,-3.1,-9.4,0.0,20.4,0.0,0.03,False,0.0,720
2025-02-17T08:00:00,harlem,40.8116,-73.9465,-2.9,-9.1,0.0,20.0,0.0,0.03,False,0.0,780
2025-02-17T09:00:00,harlem,40.8116,-73.9465,-0.9,-6.7,0.0,18.2,0.0,0.03,False,0.0,840
2025-02-17T10:00:00,harlem,40.8116,-73.9465,-0.7,-7.4,0.0,24.0,0.0,0.03,False,0.0,900
2025-02-17T11:00:00,harlem,40.8116,-73.9465,-0.8,-7.7,0.0,25.5,0.0,0.03,False,0.0,960
2025-02-17T12:00:00,harlem,40.8116,-73.9465,-0.9,-8.1,0.0,26.6,0.0,0.03,False,0.0,1020
2025-02-17T13:00:00,harlem,40.8116,-73.9465,-0.7,-8.0,0.0,26.9,0.0,0.03,False,0.0,1080
2025-02-17T14:00:00,harlem,40.8116,-73.9465,-0.3,-7.8,0.0,27.9,0.0,0.03,False,0.0,1140
2025-02-17T15:00:00,harlem,40.8116,-73.9465,-0.3,-7.6,0.0,26.1,0.0,0.03,False,0.0,1200
2025-02-17T16:00:00,harlem,40.8116,-73.9465,-0.4,-7.7,0.0,26.3,0.0,0.03,False,0.0,1260
2025-02-17T17:00:00,harlem,40.8116,-73.9465,-0.9,-7.7,0.0,23.1,0.0,0.03,False,0.0,1320
2025-02-17T18:00:00,harlem,40.8116,-73.9465,-1.6,-7.6,0.0,17.8,0.0,0.03,False,0.0,1380
2025-02-17T19:00:00,harlem,40.8116,-73.9465,-2.3,-8.2,0.0,16.8,0.0,0.03,False,0.0,1440
2025-02-17T20:00:00,harlem,40.8116,-73.9465,-2.8,-9.2,0.0,20.3,0.0,0.03,False,0.0,1500
2025-02-17T21:00:00,harlem,40.8116,-73.9465,-1.1,-8.0,0.0,23.8,0.0,0.03,False,0.0,1560
2025-02-17T22:00:00,harlem,40.8116,-73.9465,-1.6,-7.8,0.0,18.6,0.0,0.03,False,0.0,1620
2025-02-17T23:00:00,harlem,40.8116,-73.9465,-2.5,-7.8,0.0,13.4,0.0,0.03,False,0.0,1680
2025-02-18T00:00:00,harlem,40.8116,-73.9465,-3.5,-8.4,0.0,10.9,0.0,0.03,False,0.0,1740
2025-02-18T01:00:00,harlem,40.8116,-73.9465,-4.0,-9.0,0.0,10.9,0.0,0.03,False,0.0,1800
2025-02-18T02:00:00,harlem,40.8116,-73.9465,-4.2,-9.4,0.0,12.0,0.0,0.03,False,0.0,1860
2025-02-18T03:00:00,harlem,40.8116,-73.9465,-5.0,-10.7,0.0,14.9,0.0,0.03,False,0.0,1920
2025-02-18T04:00:00,harlem,40.8116,-73.9465,-5.9,-11.4,0.0,13.0,0.0,0.03,False,0.0,1980
2025-02-18T05:00:00,harlem,40.8116,-73.9465,-6.6,-12.6,0.0,15.9,0.0,0.03,False,0.0,2040
2025-02-18T06:00:00,harlem,40.8116,-73.9465,-7.3,-14.3,0.0,21.9,0.0,0.03,False,0.0,2100
2025-02-18T07:00:00,harlem,40.8116,-73.9465,-8.0,-14.8,0.0,20.7,0.0,0.03,False,0.0,2160
2025-02-18T08:00:00,harlem,40.8116,-73.9465,-8.5,-15.0,0.0,18.6,0.0,0.03,False,0.0,2220
2025-02-18T09:00:00,harlem,40.8116,-73.9465,-6.9,-13.6,0.0,18.7,0.0,0.03,False,0.0,2280
2025-02-18T10:00:00,harlem,40.8116,-73.9465,-6.3,-13.0,0.0,19.1,0.0,0.03,False,0.0,2340
2025-02-18T11:00:00,harlem,40.8116,-73.9465,-5.6,-12.3,0.0,19.9,0.0,0.03,False,0.0,2400
2025-02-18T12:00:00,harlem,40.8116,-73.9465,-4.7,-11.7,0.0,22.5,0.0,0.03,False,0.0,2460
2025-02-18T13:00:00,harlem,40.8116,-73.9465,-4.0,-10.6,0.0,22.3,0.0,0.03,False,0.0,2520
2025-02-18T14:00:00,harlem,40.8116,-73.9465,-3.5,-10.1,0.0,22.2,0.0,0.03,False,0.0,2580
2025-02-18T15:00:00,harlem,40.8116,-73.9465,-3.1,-10.1,0.0,22.9,0.0,0.03,False,0.0,2640
2025-02-18T16:00:00,harlem,40.8116,-73.9465,-3.3,-10.3,0.0,21.7,0.0,0.03,False,0.0,2700
2025-02-18T17:00:00,harlem,40.8116,-73.9465,-3.8,-10.6,0.0,20.9,0.0,0.03,False,0.0,2760
2025-02-18T18:00:00,harlem,40.8116,-73.9465,-4.6,-11.2,0.0,19.9,0.0,0.03,False,0.0,2820
2025-02-18T19:00:00,harlem,40.8116,-73.9465,-5.2,-11.5,0.0,17.7,0.0,0.03,False,0.0,2880
2025-02-18T20:00:00,harlem,40.8116,-73.9465,-5.7,-12.2,0.0,18.3,0.0,0.03,False,0.0,2940
2025-02-18T21:00:00,harlem,40.8116,-73.9465,-5.2,-11.5,0.0,17.4,0.0,0.02,False,0.0,3000
2025-02-18T22:00:00,harlem,40.8116,-73.9465,-5.5,-11.8,0.0,17.8,0.0,0.02,False,0.0,3060
2025-02-18T23:00:00,harlem,40.8116,-73.9465,-5.8,-12.0,0.0,16.7,0.0,0.02,False,0.0,3120
2025-02-19T00:00:00,harlem,40.8116,-73.9465,-6.3,-12.5,0.0,16.6,0.0,0.02,False,0.0,3180
2025-02-19T01:00:00,harlem,40.8116,-73.9465,-7.0,-13.1,0.0,16.3,0.0,0.02,False,0.0,3240
2025-02-19T02:00:00,harlem,40.8116,-73.9465,-7.6,-13.5,0.0,15.4,0.0,0.02,False,0.0,3300
2025-02-19T03:00:00,harlem,40.8116,-73.9465,-8.1,-13.9,0.0,14.1,0.0,0.02,False,0.0,3360
2025-02-19T04:00:00,harlem,40.8116,-73.9465,-8.4,-14.1,0.0,13.1,0.0,0.02,False,0.0,3420
2025-02-19T05:00:00,harlem,40.8116,-73.9465,-8.8,-14.2,0.0,12.1,0.0,0.02,False,0.0,3480
2025-02-19T06:00:00,harlem,40.8116,-73.9465,-8.9,-14.3,0.0,11.2,0.0,0.02,False,0.0,3540
2025-02-19T07:00:00,harlem,40.8116,-73.9465,-9.1,-14.5,0.0,11.6,0.0,0.02,False,0.0,3600
2025-02-19T08:00:00,harlem,40.8116,-73.9465,-9.1,-14.7,0.0,12.6,0.0,0.02,False,0.0,3660
2025-02-19T09:00:00,harlem,40.8116,-73.9465,-7.1,-12.7,0.0,13.9,0.0,0.02,False,0.0,3720
2025-02-19T10:00:00,harlem,40.8116,-73.9465,-5.8,-11.7,0.0,15.2,0.0,0.02,False,0.0,3780
2025-02-19T11:00:00,harlem,40.8116,-73.9465,-4.3,-10.5,0.0,17.2,0.0,0.02,False,0.0,3840
2025-02-19T12:00:00,harlem,40.8116,-73.9465,-3.0,-8.8,0.0,15.3,0.0,0.02,False,0.0,3900
2025-02-19T13:00:00,harlem,40.8116,-73.9465,-1.9,-7.1,0.0,14.1,0.0,0.02,False,0.0,3960
2025-02-19T14:00:00,harlem,40.8116,-73.9465,-1.4,-6.5,0.0,13.2,0.0,0.02,False,0.0,4020
2025-02-19T15:00:00,harlem,40.8116,-73.9465,-1.2,-6.6,0.0,13.3,0.0,0.02,False,0.0,4080
2025-02-19T16:00:00,harlem,40.8116,-73.9465,-1.3,-6.5,0.0,12.8,0.0,0.02,False,0.0,4140
2025-02-19T17:00:00,harlem,40.8116,-73.9465,-1.9,-7.2,0.0,13.0,0.0,0.02,False,0.0,4200
2025-02-19T18:00:00,harlem,40.8116,-73.9465,-2.5,-7.7,0.0,12.3,0.0,0.02,False,0.0,4260
2025-02-19T19:00:00,harlem,40.8116,-73.9465,-3.2,-8.3,0.0,11.5,0.0,0.02,False,0.0,4320
2025-02-19T20:00:00,harlem,40.8116,-73.9465,-3.8,-8.8,0.0,10.6,0.0,0.02,False,0.0,4380
2025-02-19T21:00:00,harlem,40.8116,-73.9465,-3.6,-8.1,0.0,8.2,0.0,0.02,False,0.0,4440
2025-02-19T22:00:00,harlem,40.8116,-73.9465,-4.1,-8.8,0.0,9.3,0.0,0.02,False,0.0,4500
2025-02-19T23:00:00,harlem,40.8116,-73.9465,-4.6,-9.4,0.0,9.7,0.0,0.02,False,0.0,4560
2025-02-20T00:00:00,harlem,40.8116,-73.9465,-5.2,-9.8,0.0,8.7,0.0,0.02,False,0.0,4620
2025-02-20T01:00:00,harlem,40.8116,-73.9465,-5.7,-10.3,0.0,8.3,0.0,0.02,False,0.0,4680
2025-02-20T02:00:00,harlem,40.8116,-73.9465,-6.1,-10.8,0.0,8.5,0.0,0.02,False,0.0,4740
2025-02-20T03:00:00,harlem,40.8116,-73.9465,-6.6,-11.0,0.0,6.8,0.0,0.02,False,0.0,4800
2025-02-20T04:00:00,harlem,40.8116,-73.9465,-6.9,-11.3,0.0,6.6,0.0,0.02,False,0.0,4860
2025-02-20T05:00:00,harlem,40.8116,-73.9465,-7.4,-12.0,0.0,7.6,0.0,0.02,False,0.0,4920
2025-02-20T06:00:00,harlem,40.8116,-73.9465,-7.9,-12.6,0.0,8.3,0.0,0.02,False,0.0,4980
2025-02-20T07:00:00,harlem,40.8116,-73.9465,-8.6,-13.2,0.0,7.8,0.0,0.02,False,0.0,5040
2025-02-20T08:00:00,harlem,40.8116,-73.9465,-9.1,-13.6,0.0,6.9,0.0,0.02,False,0.0,5100
2025-02-20T09:00:00,harlem,40.8116,-73.9465,-7.2,-11.7,0.0,6.9,0.0,0.02,False,0.0,5160
2025-02-20T10:00:00,harlem,40.8116,-73.9465,-5.9,-10.9,0.0,9.9,0.0,0.02,False,0.0,5220
2025-02-20T11:00:00,harlem,40.8116,-73.9465,-4.4,-9.6,0.0,11.4,0.0,0.02,False,0.0,5280
2025-02-20T12:00:00,harlem,40.8116,-73.9465,-3.0,-8.1,0.0,11.4,0.0,0.02,False,0.0,5340
2025-02-20T13:00:00,harlem,40.8116,-73.9465,-1.6,-6.5,0.0,13.1,0.0,0.02,False,0.0,5400
2025-02-20T14:00:00,harlem,40.8116,-73.9465,-1.3,-6.5,0.0,12.6,0.0,0.02,False,0.0,5460
2025-02-20T15:00:00,harlem,40.8116,-73.9465,-1.4,-6.5,0.0,12.5,0.0,0.02,False,0.0,5520
2025-02-20T16:00:00,harlem,40.8116,-73.9465,-1.9,-7.0,0.0,13.2,0.0,0.02,False,0.0,5580
2025-02-20T17:00:00,harlem,40.8116,-73.9465,-2.5,-7.9,0.1,14.9,0.07,0.02,False,0.0,5640
2025-02-20T18:00:00,harlem,40.8116,-73.9465,-3.2,-8.9,0.1,16.6,0.07,0.03,False,0.1,5700
2025-02-20T19:00:00,harlem,40.8116,-73.9465,-3.8,-9.6,0.2,17.6,0.14,0.03,True,0.2,0
2025-02-20T20:00:00,harlem,40.8116,-73.9465,-4.2,-10.1,0.2,18.3,0.14,0.03,True,0.4,0
2025-02-20T21:00:00,harlem,40.8116,-73.9465,-4.0,-9.8,0.1,17.2,0.07,0.03,False,0.5,60
2025-02-20T22:00:00,harlem,40.8116,-73.9465,-4.4,-10.1,0.1,16.5,0.07,0.03,False,0.5,120
2025-02-20T23:00:00,harlem,40.8116,-73.9465,-4.7,-10.9,0.1,19.7,0.07,0.03,False,0.4,180
2025-02-21T00:00:00,harlem,40.8116,-73.9465,-5.2,-11.3,0.0,19.1,0.0,0.03,False,0.3,240
2025-02-21T01:00:00,harlem,40.8116,-73.9465,-5.7,-11.7,0.0,17.8,0.0,0.03,False,0.2,300
2025-02-21T02:00:00,harlem,40.8116,-73.9465,-5.9,-11.9,0.0,17.4,0.0,0.03,False,0.1,360
2025-02-21T03:00:00,harlem,40.8116,-73.9465,-6.1,-12.2,0.0,18.1,0.0,0.03,False,0.0,420
2025-02-21T04:00:00,harlem,40.8116,-73.9465,-6.1,-11.9,0.0,16.8,0.0,0.03,False,0.0,480
2025-02-21T05:00:00,harlem,40.8116,-73.9465,-5.9,-11.6,0.0,15.4,0.0,0.03,False,0.0,540
2025-02-21T06:00:00,harlem,40.8116,-73.9465,-5.8,-11.4,0.0,14.9,0.0,0.03,False,0.0,600
2025-02-21T07:00:00,harlem,40.8116,-73.9465,-5.6,-11.2,0.0,15.3,0.0,0.03,False,0.0,660
2025-02-21T08:00:00,harlem,40.8116,-73.9465,-5.8,-11.6,0.0,16.2,0.0,0.03,False,0.0,720
2025-02-21T09:00:00,harlem,40.8116,-73.9465,-4.3,-10.3,0.0,17.8,0.0,0.03,False,0.0,780
2025-02-21T10:00:00,harlem,40.8116,-73.9465,-3.6,-9.9,0.0,19.9,0.0,0.03,False,0.0,840
2025-02-21T11:00:00,harlem,40.8116,-73.9465,-2.3,-8.9,0.0,22.0,0.0,0.03,False,0.0,900
2025-02-21T12:00:00,harlem,40.8116,-73.9465,-1.3,-7.8,0.0,22.0,0.0,0.03,False,0.0,960
2025-02-21T13:00:00,harlem,40.8116,-73.9465,-0.9,-6.6,0.0,19.6,0.0,0.03,False,0.0,1020
2025-02-21T14:00:00,harlem,40.8116,-73.9465,-0.4,-6.1,0.0,19.9,0.0,0.03,False,0.0,1080
2025-02-21T15:00:00,harlem,40.8116,-73.9465,-0.4,-6.3,0.0,20.4,0.0,0.03,False,0.0,1140
2025-02-21T16:00:00,harlem,40.8116,-73.9465,-0.9,-7.1,0.0,20.9,0.0,0.03,False,0.0,1200
2025-02-21T17:00:00,harlem,40.8116,-73.9465,-2.0,-8.2,0.0,20.3,0.0,0.03,False,0.0,1260
2025-02-21T18:00:00,harlem,40.8116,-73.9465,-3.3,-9.4,0.0,19.4,0.0,0.03,False,0.0,1320
2025-02-21T19:00:00,harlem,40.8116,-73.9465,-4.4,-10.2,0.0,17.2,0.0,0.03,False,0.0,1380
2025-02-21T20:00:00,harlem,40.8116,-73.9465,-5.0,-10.8,0.0,16.6,0.0,0.03,False,0.0,1440
2025-02-21T21:00:00,harlem,40.8116,-73.9465,-3.0,-8.8,0.0,16.3,0.0,0.03,False,0.0,1500
2025-02-21T22:00:00,harlem,40.8116,-73.9465,-4.1,-10.0,0.0,17.3,0.0,0.03,False,0.0,1560
2025-02-21T23:00:00,harlem,40.8116,-73.9465,-5.1,-10.9,0.0,16.5,0.0,0.03,False,0.0,1620
2025-02-22T00:00:00,harlem,40.8116,-73.9465,-5.8,-11.5,0.0,15.2,0.0,0.03,False,0.0,1680
2025-02-22T01:00:00,harlem,40.8116,-73.9465,-6.3,-11.8,0.0,13.9,0.0,0.03,False,0.0,1740
2025-02-22T02:00:00,harlem,40.8116,-73.9465,-6.8,-12.0,0.0,12.5,0.0,0.03,False,0.0,1800
2025-02-22T03:00:00,harlem,40.8116,-73.9465,-7.1,-12.2,0.0,11.4,0.0,0.03,False,0.0,1860
2025-02-22T04:00:00,harlem,40.8116,-73.9465,-7.2,-12.0,0.0,9.6,0.0,0.03,False,0.0,1920
2025-02-22T05:00:00,harlem,40.8116,-73.9465,-7.1,-11.7,0.0,8.3,0.0,0.03,False,0.0,1980
2025-02-22T06:00:00,harlem,40.8116,-73.9465,-7.1,-11.5,0.0,7.3,0.0,0.03,False,0.0,2040
2025-02-22T07:00:00,harlem,40.8116,-73.9465,-7.0,-11.4,0.0,6.7,0.0,0.03,False,0.0,2100
2025-02-22T08:00:00,harlem,40.8116,-73.9465,-6.9,-11.4,0.0,7.2,0.0,0.03,False,0.0,2160
2025-02-22T09:00:00,harlem,40.8116,-73.9465,-4.2,-8.7,0.0,7.0,0.0,0.03,False,0.0,2220
2025-02-22T10:00:00,harlem,40.8116,-73.9465,-2.7,-7.2,0.0,7.7,0.0,0.03,False,0.0,2280
2025-02-22T11:00:00,harlem,40.8116,-73.9465,-1.2,-5.7,0.0,7.7,0.0,0.03,False,0.0,2340
2025-02-22T12:00:00,harlem,40.8116,-73.9465,0.2,-4.0,0.0,7.7,0.0,0.03,False,0.0,2400
2025-02-22T13:00:00,harlem,40.8116,-73.9465,1.2,-2.2,0.0,6.9,0.0,0.03,False,0.0,2460
2025-02-22T14:00:00,harlem,40.8116,-73.9465,2.2,-1.0,0.0,6.2,0.0,0.03,False,0.0,2520
2025-02-22T15:00:00,harlem,40.8116,-73.9465,3.0,-0.7,0.0,7.6,0.0,0.03,False,0.0,2580
2025-02-22T16:00:00,harlem,40.8116,-73.9465,3.1,-1.2,0.0,9.5,0.0,0.02,False,0.0,2640
2025-02-22T17:00:00,harlem,40.8116,-73.9465,3.2,-1.3,0.0,10.4,0.0,0.02,False,0.0,2700
2025-02-22T18:00:00,harlem,40.8116,-73.9465,2.2,-2.1,0.0,9.4,0.0,0.02,False,0.0,2760
2025-02-22T19:00:00,harlem,40.8116,-73.9465,0.7,-3.5,0.0,9.8,0.0,0.02,False,0.0,2820
2025-02-22T20:00:00,harlem,40.8116,-73.9465,0.7,-3.9,0.0,11.9,0.0,0.02,False,0.0,2880
2025-02-22T21:00:00,harlem,40.8116,-73.9465,0.6,-4.1,0.0,12.4,0.0,0.02,False,0.0,2940
2025-02-22T22:00:00,harlem,40.8116,-73.9465,0.3,-4.4,0.0,12.8,0.0,0.02,False,0.0,3000
2025-02-22T23:00:00,harlem,40.8116,-73.9465,-0.2,-4.7,0.0,11.3,0.0,0.02,False,0.0,3060
2025-02-23T00:00:00,harlem,40.8116,-73.9465,-0.4,-5.0,0.0,11.3,0.0,0.02,False,0.0,3120
2025-02-23T01:00:00,harlem,40.8116,-73.9465,-0.8,-5.3,0.0,10.6,0.0,0.02,False,0.0,3180
2025-02-23T02:00:00,harlem,40.8116,-73.9465,-0.8,-5.4,0.0,10.5,0.0,0.02,False,0.0,3240
2025-02-23T03:00:00,harlem,40.8116,-73.9465,-1.0,-5.6,0.0,10.2,0.0,0.02,False,0.0,3300
2025-02-23T04:00:00,harlem,40.8116,-73.9465,-0.9,-5.5,0.0,10.2,0.0,0.02,False,0.0,3360
2025-02-23T05:00:00,harlem,40.8116,-73.9465,-1.0,-5.6,0.0,9.6,0.0,0.02,False,0.0,3420
2025-02-23T06:00:00,harlem,40.8116,-73.9465,-1.1,-5.6,0.0,9.4,0.0,0.02,False,0.0,3480
2025-02-23T07:00:00,harlem,40.8116,-73.9465,-1.6,-6.0,0.0,8.4,0.0,0.02,False,0.0,3540
2025-02-23T08:00:00,harlem,40.8116,-73.9465,-1.7,-6.2,0.0,8.6,0.0,0.02,False,0.0,3600
2025-02-23T09:00:00,harlem,40.8116,-73.9465,0.8,-3.6,0.0,8.4,0.0,0.02,False,0.0,3660
2025-02-23T10:00:00,harlem,40.8116,-73.9465,2.3,-1.8,0.0,8.3,0.0,0.02,False,0.0,3720
2025-02-23T11:00:00,harlem,40.8116,-73.9465,3.6,-0.7,0.0,9.6,0.0,0.02,False,0.0,3780
2025-02-23T12:00:00,harlem,40.8116,-73.9465,4.7,0.5,0.0,9.8,0.0,0.02,False,0.0,3840
2025-02-23T13:00:00,harlem,40.8116,-73.9465,5.6,1.8,0.0,9.9,0.0,0.02,False,0.0,3900
2025-02-23T14:00:00,harlem,40.8116,-73.9465,6.4,2.8,0.0,9.4,0.0,0.02,False,0.0,3960
2025-02-23T15:00:00,harlem,40.8116,-73.9465,7.2,3.3,0.0,9.2,0.0,0.02,False,0.0,4020
2025-02-23T16:00:00,harlem,40.8116,-73.9465,7.6,3.8,0.0,7.4,0.0,0.02,False,0.0,4080
2025-02-23T17:00:00,harlem,40.8116,-73.9465,7.4,3.9,0.0,5.8,0.0,0.02,False,0.0,4140
2025-02-23T18:00:00,harlem,40.8116,-73.9465,6.5,3.8,0.0,2.9,0.0,0.02,False,0.0,4200
2025-02-23T19:00:00,harlem,40.8116,-73.9465,5.1,2.4,0.0,1.0,0.0,0.02,False,0.0,4260
2025-02-23T20:00:00,harlem,40.8116,-73.9465,4.0,1.0,0.0,3.8,0.0,0.02,False,0.0,4320
2025-02-23T21:00:00,harlem,40.8116,-73.9465,3.5,0.5,0.0,4.2,0.0,0.02,False,0.0,4380
2025-02-23T22:00:00,harlem,40.8116,-73.9465,2.7,-0.3,0.0,2.7,0.0,0.02,False,0.0,4440
2025-02-23T23:00:00,harlem,40.8116,-73.9465,2.0,-1.1,0.0,3.8,0.0,0.02,False,0.0,4500
2025-02-24T00:00:00,harlem,40.8116,-73.9465,1.1,-1.9,0.0,3.2,0.0,0.02,False,0.0,4560
2025-02-24T01:00:00,harlem,40.8116,-73.9465,0.4,-2.8,0.0,4.3,0.0,0.02,False,0.0,4620
2025-02-24T02:00:00,harlem,40.8116,-73.9465,0.2,-3.0,0.0,4.6,0.0,0.02,False,0.0,4680
2025-02-24T03:00:00,harlem,40.8116,-73.9465,0.2,-3.1,0.0,5.5,0.0,0.02,False,0.0,4740
2025-02-24T04:00:00,harlem,40.8116,-73.9465,0.0,-3.5,0.0,6.0,0.0,0.02,False,0.0,4800
2025-02-24T05:00:00,harlem,40.8116,-73.9465,-0.5,-3.9,0.0,5.7,0.0,0.02,False,0.0,4860
2025-02-24T06:00:00,harlem,40.8116,-73.9465,-1.1,-4.4,0.0,4.6,0.0,0.02,False,0.0,4920
2025-02-24T07:00:00,harlem,40.8116,-73.9465,-1.4,-4.6,0.0,3.9,0.0,0.02,False,0.0,4980
2025-02-24T08:00:00,harlem,40.8116,-73.9465,-0.7,-3.9,0.0,4.0,0.0,0.02,False,0.0,5040
2025-02-24T09:00:00,harlem,40.8116,-73.9465,1.0,-2.2,0.0,5.2,0.0,0.02,False,0.0,5100
2025-02-24T10:00:00,harlem,40.8116,-73.9465,3.0,-0.0,0.0,3.3,0.0,0.02,False,0.0,5160
2025-02-24T11:00:00,harlem,40.8116,-73.9465,5.1,2.1,0.0,5.3,0.0,0.02,False,0.0,5220
2025-02-24T12:00:00,harlem,40.8116,-73.9465,6.7,3.3,0.0,10.0,0.0,0.01,False,0.0,5280
2025-02-24T13:00:00,harlem,40.8116,-73.9465,7.4,3.6,0.0,12.8,0.0,0.01,False,0.0,5340
2025-02-24T14:00:00,harlem,40.8116,-73.9465,7.8,3.7,0.0,13.9,0.0,0.01,False,0.0,5400
2025-02-24T15:00:00,harlem,40.8116,-73.9465,7.9,3.4,0.0,15.7,0.0,0.01,False,0.0,5460
2025-02-24T16:00:00,harlem,40.8116,-73.9465,7.2,2.5,0.0,15.2,0.0,0.01,False,0.0,5520
2025-02-24T17:00:00,harlem,40.8116,-73.9465,6.6,2.0,0.0,14.4,0.0,0.01,False,0.0,5580
2025-02-24T18:00:00,harlem,40.8116,-73.9465,5.7,0.3,0.0,19.6,0.0,0.01,False,0.0,5640
2025-02-24T19:00:00,harlem,40.8116,-73.9465,5.1,0.1,0.0,16.8,0.0,0.01,False,0.0,5700
2025-02-24T20:00:00,harlem,40.8116,-73.9465,4.8,0.2,0.0,14.7,0.0,0.01,False,0.0,5760
2025-02-24T21:00:00,harlem,40.8116,-73.9465,5.1,0.5,0.0,14.5,0.0,0.01,False,0.0,5820
2025-02-24T22:00:00,harlem,40.8116,-73.9465,5.0,0.5,0.0,14.4,0.0,0.01,False,0.0,5880
2025-02-24T23:00:00,harlem,40.8116,-73.9465,4.9,0.5,0.0,14.1,0.0,0.01,False,0.0,5940
2025-02-25T00:00:00,harlem,40.8116,-73.9465,4.9,0.5,0.0,13.5,0.0,0.01,False,0.0,6000
2025-02-25T01:00:00,harlem,40.8116,-73.9465,4.8,0.6,0.0,12.6,0.0,0.01,False,0.0,6060
2025-02-25T02:00:00,harlem,40.8116,-73.9465,4.6,0.4,0.0,11.9,0.0,0.01,False,0.0,6120
2025-02-25T03:00:00,harlem,40.8116,-73.9465,4.2,0.3,0.0,10.8,0.0,0.01,False,0.0,6180
2025-02-25T04:00:00,harlem,40.8116,-73.9465,3.9,0.2,0.0,9.2,0.0,0.01,False,0.0,6240
2025-02-25T05:00:00,harlem,40.8116,-73.9465,3.6,0.0,0.0,8.6,0.0,0.01,False,0.0,6300
2025-02-25T06:00:00,harlem,40.8116,-73.9465,3.6,0.2,0.0,7.8,0.0,0.01,False,0.0,6360
2025-02-25T07:00:00,harlem,40.8116,-73.9465,3.7,0.3,0.0,7.9,0.0,0.01,False,0.0,6420
2025-02-25T08:00:00,harlem,40.8116,-73.9465,3.7,0.5,0.0,6.9,0.0,0.01,False,0.0,6480
2025-02-25T09:00:00,harlem,40.8116,-73.9465,4.7,1.6,0.0,6.3,0.0,0.01,False,0.0,6540
2025-02-25T10:00:00,harlem,40.8116,-73.9465,6.8,3.9,0.0,6.7,0.0,0.01,False,0.0,6600
2025-02-25T11:00:00,harlem,40.8116,-73.9465,8.4,5.5,0.0,6.9,0.0,0.01,False,0.0,6660
2025-02-25T12:00:00,harlem,40.8116,-73.9465,10.0,7.5,0.0,5.6,0.0,0.01,False,0.0,6720
2025-02-25T13:00:00,harlem,40.8116,-73.9465,11.6,9.9,0.0,5.4,0.0,0.01,False,0.0,6780
2025-02-25T14:00:00,harlem,40.8116,-73.9465,12.6,9.9,0.0,8.3,0.0,0.01,False,0.0,6840
2025-02-25T15:00:00,harlem,40.8116,-73.9465,10.4,7.1,0.0,11.3,0.0,0.01,False,0.0,6900
2025-02-25T16:00:00,harlem,40.8116,-73.9465,10.2,7.8,0.0,6.7,0.0,0.0,False,0.0,6960
2025-02-25T17:00:00,harlem,40.8116,-73.9465,9.7,8.2,0.0,1.4,0.0,0.0,False,0.0,7020
2025-02-25T18:00:00,harlem,40.8116,-73.9465,9.2,7.6,0.0,2.8,0.0,0.0,False,0.0,7080
2025-02-25T19:00:00,harlem,40.8116,-73.9465,7.4,6.2,0.0,1.3,0.0,0.0,False,0.0,7140
2025-02-25T20:00:00,harlem,40.8116,-73.9465,8.1,5.5,0.0,9.3,0.0,0.0,False,0.0,7200
2025-02-25T21:00:00,harlem,40.8116,-73.9465,7.8,4.6,0.0,10.1,0.0,0.0,False,0.0,7260
2025-02-25T22:00:00,harlem,40.8116,-73.9465,6.5,3.5,0.0,8.3,0.0,0.0,False,0.0,7320
2025-02-25T23:00:00,harlem,40.8116,-73.9465,5.6,2.6,0.0,7.9,0.0,0.0,False,0.0,7380
2025-02-26T00:00:00,harlem,40.8116,-73.9465,4.6,1.8,0.0,6.3,0.0,0.0,False,0.0,7440
2025-02-26T01:00:00,harlem,40.8116,-73.9465,4.1,0.9,0.0,8.9,0.0,0.0,False,0.0,7500
2025-02-26T02:00:00,harlem,40.8116,-73.9465,3.9,0.5,0.0,10.2,0.0,0.0,False,0.0,7560
2025-02-26T03:00:00,harlem,40.8116,-73.9465,3.5,0.2,0.0,9.1,0.0,0.0,False,0.0,7620
2025-02-26T04:00:00,harlem,40.8116,-73.9465,3.0,-0.3,0.0,8.7,0.0,0.0,False,0.0,7680
2025-02-26T05:00:00,harlem,40.8116,-73.9465,2.7,-0.7,0.0,9.4,0.0,0.0,False,0.0,7740
2025-02-26T06:00:00,harlem,40.8116,-73.9465,2.3,-1.1,0.0,9.6,0.0,0.0,False,0.0,7800
2025-02-26T07:00:00,harlem,40.8116,-73.9465,2.3,-1.2,0.0,10.1,0.0,0.0,False,0.0,7860
2025-02-26T08:00:00,harlem,40.8116,-73.9465,2.3,-1.2,0.0,10.0,0.0,0.0,False,0.0,7920
2025-02-26T09:00:00,harlem,40.8116,-73.9465,4.8,1.5,0.0,10.5,0.0,0.0,False,0.0,7980
2025-02-26T10:00:00,harlem,40.8116,-73.9465,7.0,3.8,0.0,10.3,0.0,0.0,False,0.0,8040
2025-02-26T11:00:00,harlem,40.8116,-73.9465,8.4,4.9,0.0,12.5,0.0,0.0,False,0.0,8100
2025-02-26T12:00:00,harlem,40.8116,-73.9465,9.6,5.8,0.0,14.3,0.0,0.0,False,0.0,8160
2025-02-26T13:00:00,harlem,40.8116,-73.9465,10.8,6.6,0.0,16.6,0.0,0.0,False,0.0,8220
2025-02-26T14:00:00,harlem,40.8116,-73.9465,11.7,7.2,0.0,19.3,0.0,0.0,False,0.0,8280
2025-02-26T15:00:00,harlem,40.8116,-73.9465,12.1,7.8,0.0,15.6,0.0,0.0,False,0.0,8340
2025-02-26T16:00:00,harlem,40.8116,-73.9465,12.7,8.0,0.0,15.9,0.0,0.0,False,0.0,8400
2025-02-26T17:00:00,harlem,40.8116,-73.9465,12.2,8.1,0.0,12.9,0.0,0.0,False,0.0,8460
2025-02-26T18:00:00,harlem,40.8116,-73.9465,10.9,8.1,0.0,5.8,0.0,0.0,False,0.0,8520
2025-02-26T19:00:00,harlem,40.8116,-73.9465,8.6,6.4,0.0,2.7,0.0,0.0,False,0.0,8580
2025-02-26T20:00:00,harlem,40.8116,-73.9465,7.2,4.5,0.0,5.0,0.0,0.0,False,0.0,8640
2025-02-26T21:00:00,harlem,40.8116,-73.9465,7.7,5.5,0.0,2.4,0.0,0.0,False,0.0,8700
2025-02-26T22:00:00,harlem,40.8116,-73.9465,6.2,3.8,0.0,2.9,0.0,0.0,False,0.0,8760
2025-02-26T23:00:00,harlem,40.8116,-73.9465,6.5,4.4,0.1,1.8,0.0,0.0,False,0.0,8820
2025-02-27T00:00:00,harlem,40.8116,-73.9465,6.2,3.4,0.1,6.5,0.0,0.0,False,0.1,8880
2025-02-27T01:00:00,harlem,40.8116,-73.9465,5.4,2.6,0.0,6.5,0.0,0.0,False,0.2,8940
2025-02-27T02:00:00,harlem,40.8116,-73.9465,5.2,2.1,0.0,9.4,0.0,0.0,False,0.2,9000
2025-02-27T03:00:00,harlem,40.8116,-73.9465,5.2,1.9,0.0,9.2,0.0,0.0,False,0.1,9060
2025-02-27T04:00:00,harlem,40.8116,-73.9465,4.8,1.6,0.0,9.2,0.0,0.0,False,0.0,9120
2025-02-27T05:00:00,harlem,40.8116,-73.9465,4.3,1.2,0.0,9.3,0.0,0.0,False,0.0,9180
2025-02-27T06:00:00,harlem,40.8116,-73.9465,4.8,2.1,0.0,7.4,0.0,0.0,False,0.0,9240
2025-02-27T07:00:00,harlem,40.8116,-73.9465,5.5,2.9,0.0,6.5,0.0,0.0,False,0.0,9300
2025-02-27T08:00:00,harlem,40.8116,-73.9465,5.8,3.4,0.0,6.0,0.0,0.0,False,0.0,9360
2025-02-27T09:00:00,harlem,40.8116,-73.9465,7.0,5.1,0.1,3.6,0.0,0.0,False,0.0,9420
2025-02-27T10:00:00,harlem,40.8116,-73.9465,7.9,5.8,0.2,6.6,0.0,0.0,True,0.1,0
2025-02-27T11:00:00,harlem,40.8116,-73.9465,9.4,7.8,0.0,4.1,0.0,0.0,False,0.3,60
2025-02-27T12:00:00,harlem,40.8116,-73.9465,11.2,9.1,1.3,8.1,0.0,0.0,True,0.3,0
2025-02-27T13:00:00,harlem,40.8116,-73.9465,10.6,8.8,0.6,7.3,0.0,0.0,True,1.5,0
2025-02-27T14:00:00,harlem,40.8116,-73.9465,11.0,8.9,0.1,11.2,0.0,0.0,False,1.9,60
2025-02-27T15:00:00,harlem,40.8116,-73.9465,11.7,9.1,0.1,14.1,0.0,0.0,False,2.0,120
2025-02-27T16:00:00,harlem,40.8116,-73.9465,11.8,9.6,0.1,12.2,0.0,0.0,False,0.8,180
2025-02-27T17:00:00,harlem,40.8116,-73.9465,11.9,9.7,0.2,13.7,0.0,0.0,True,0.3,0
2025-02-27T18:00:00,harlem,40.8116,-73.9465,12.2,9.8,0.0,13.6,0.0,0.0,False,0.4,60
2025-02-27T19:00:00,harlem,40.8116,-73.9465,11.6,9.3,0.0,12.7,0.0,0.0,False,0.3,120
2025-02-27T20:00:00,harlem,40.8116,-73.9465,11.3,8.5,0.1,14.7,0.0,0.0,False,0.2,180
2025-02-27T21:00:00,harlem,40.8116,-73.9465,9.7,7.6,0.0,6.2,0.0,0.0,False,0.1,240
2025-02-27T22:00:00,harlem,40.8116,-73.9465,9.0,6.1,0.0,10.3,0.0,0.0,False,0.1,300
2025-02-27T23:00:00,harlem,40.8116,-73.9465,8.3,4.8,0.0,13.2,0.0,0.0,False,0.1,360
2025-02-28T00:00:00,harlem,40.8116,-73.9465,7.1,3.3,0.0,14.3,0.0,0.0,False,0.0,420
2025-02-28T01:00:00,harlem,40.8116,-73.9465,6.1,2.5,0.0,11.9,0.0,0.0,False,0.0,480
2025-02-28T02:00:00,harlem,40.8116,-73.9465,5.1,1.4,0.0,11.9,0.0,0.0,False,0.0,540
2025-02-28T03:00:00,harlem,40.8116,-73.9465,4.0,0.5,0.0,9.9,0.0,0.0,False,0.0,600
2025-02-28T04:00:00,harlem,40.8116,-73.9465,3.3,-0.3,0.0,10.1,0.0,0.0,False,0.0,660
2025-02-28T05:00:00,harlem,40.8116,-73.9465,2.7,-0.7,0.0,8.8,0.0,0.0,False,0.0,720
2025-02-28T06:00:00,harlem,40.8116,-73.9465,2.2,-1.3,0.0,9.7,0.0,0.0,False,0.0,780
2025-02-28T07:00:00,harlem,40.8116,-73.9465,2.0,-1.9,0.0,11.5,0.0,0.0,False,0.0,840
2025-02-28T08:00:00,harlem,40.8116,-73.9465,2.0,-1.8,0.0,10.8,0.0,0.0,False,0.0,900
2025-02-28T09:00:00,harlem,40.8116,-73.9465,5.7,1.4,0.0,13.8,0.0,0.0,False,0.0,960
2025-02-28T10:00:00,harlem,40.8116,-73.9465,6.8,1.8,0.0,17.8,0.0,0.0,False,0.0,1020
2025-02-28T11:00:00,harlem,40.8116,-73.9465,7.2,1.9,0.0,17.6,0.0,0.0,False,0.0,1080
2025-02-28T12:00:00,harlem,40.8116,-73.9465,7.7,2.7,0.0,16.3,0.0,0.0,False,0.0,1140
2025-02-28T13:00:00,harlem,40.8116,-73.9465,8.1,3.6,0.0,15.4,0.0,0.0,False,0.0,1200
2025-02-28T14:00:00,harlem,40.8116,-73.9465,8.6,4.4,0.0,13.7,0.0,0.0,False,0.0,1260
2025-02-28T15:00:00,harlem,40.8116,-73.9465,8.9,4.2,0.0,14.7,0.0,0.0,False,0.0,1320
2025-02-28T16:00:00,harlem,40.8116,-73.9465,9.1,4.3,0.0,12.3,0.0,0.0,False,0.0,1380
2025-02-28T17:00:00,harlem,40.8116,-73.9465,9.4,5.1,0.0,9.1,0.0,0.0,False,0.0,1440
2025-02-28T18:00:00,harlem,40.8116,-73.9465,8.8,4.6,0.0,9.3,0.0,0.0,False,0.0,1500
2025-02-28T19:00:00,harlem,40.8116,-73.9465,7.4,3.8,0.0,7.1,0.0,0.0,False,0.0,1560
2025-02-28T20:00:00,harlem,40.8116,-73.9465,6.6,3.1,0.0,6.1,0.0,0.0,False,0.0,1620
2025-02-28T21:00:00,harlem,40.8116,-73.9465,6.5,2.7,0.0,8.6,0.0,0.0,False,0.0,1680
2025-02-28T22:00:00,harlem,40.8116,-73.9465,6.2,2.2,0.0,10.0,0.0,0.0,False,0.0,1740
2025-02-28T23:00:00,harlem,40.8116,-73.9465,5.7,1.5,0.0,11.1,0.0,0.0,False,0.0,1800
